game_id,home_win,p_model,p_blend,p_book
2023_01_DET_KC,0.0,0.7183759982300612,0.6213861745559908,0.6369041816941222
2023_01_CAR_ATL,1.0,0.5053445894395139,0.65467148031297,0.6309403437815976
2023_01_HOU_BAL,1.0,0.7735488472921686,0.7958639924704975,0.7999999999999999
2023_01_CIN_CLE,1.0,0.438076278581067,0.4925179111539555,0.4956702459300312
2023_01_JAX_IND,0.0,0.3398051531500409,0.39710909160215835,0.35527082119976705
2023_01_TB_MIN,0.0,0.5228252294793814,0.6693304787291399,0.644729178800233
2023_01_TEN_NO,1.0,0.6678933398671336,0.5959356772546422,0.5720596355604638
2023_01_SF_PIT,0.0,0.396421788623354,0.4827399313035535,0.4782608695652174
2023_01_ARI_WAS,1.0,0.6750588060718749,0.7407303330634727,0.7408716136631331
2023_01_GB_CHI,0.0,0.401378884408764,0.5825157979468909,0.5173641257162701
2023_01_LV_DEN,0.0,0.5421155875962067,0.6270823346395058,0.593369754159424
2023_01_MIA_LAC,0.0,0.5084018815285615,0.6349932791156467,0.593369754159424
2023_01_PHI_NE,0.0,0.48759251607552,0.380399243250759,0.37753344813882633
2023_01_LA_SEA,0.0,0.6145855275314125,0.66679311894172,0.6574752261956053
2023_01_DAL_NYG,0.0,0.4649951653582217,0.38576232622667206,0.3962430290578222
2023_01_BUF_NYJ,1.0,0.369334580301764,0.44922636582146425,0.44855888528345106
2023_02_MIN_PHI,1.0,0.699679931993584,0.7007159939089695,0.6750312469954812
2023_02_GB_ATL,1.0,0.5188258479020956,0.632557380585796,0.5720596355604638
2023_02_LV_BUF,1.0,0.7325850070565787,0.7438552243429429,0.7477827050997783
2023_02_BAL_CIN,0.0,0.6369173032170924,0.6234541972352277,0.6092362344582594
2023_02_SEA_DET,0.0,0.7114893676426887,0.6424829384117703,0.6574752261956053
2023_02_IND_HOU,0.0,0.5357393137414614,0.46829614056699376,0.5
2023_02_KC_JAX,0.0,0.4579225605648113,0.3874501440485679,0.3962430290578222
2023_02_CHI_TB,1.0,0.743528399424497,0.5546319211515325,0.551441114716549
2023_02_LAC_TEN,1.0,0.49132381813427917,0.41885146776006255,0.43650793650793646
2023_02_NYG_ARI,0.0,0.541592324208702,0.31175958443844587,0.33635187580853815
2023_02_SF_LA,0.0,0.29124311032139305,0.2797168206134235,0.2591283863368669
2023_02_NYJ_DAL,1.0,0.707491589975145,0.7810246466151041,0.76
2023_02_WAS_DEN,0.0,0.44593081522611555,0.686480631264715,0.6369041816941222
2023_02_MIA_NE,0.0,0.5225648562020406,0.4312190859830951,0.4572564612326044
2023_02_NO_CAR,0.0,0.4692258948381566,0.40436774842641265,0.3907637655417407
2023_02_CLE_PIT,1.0,0.4892813946435083,0.41934687336578047,0.4279403644395361
2023_03_NYG_SF,1.0,0.8304736769286019,0.8100242299365532,0.8081570996978852
2023_03_IND_BAL,0.0,0.762256019348372,0.7363941987045616,0.76
2023_03_TEN_CLE,1.0,0.709705592741899,0.6042944354638727,0.6224665518611737
2023_03_ATL_DET,1.0,0.5880618982800767,0.6160860596842591,0.5996387718242023
2023_03_NO_GB,1.0,0.48801277888418393,0.4598305722405327,0.4675324675324676
2023_03_HOU_JAX,0.0,0.7522687190226549,0.7389703943838097,0.76
2023_03_DEN_MIA,1.0,0.7349128178381137,0.6916901370260737,0.6853932584269663
2023_03_LAC_MIN,0.0,0.5331773007659331,0.5500846311847065,0.5
2023_03_NE_NYJ,0.0,0.4926704689465714,0.418524928504464,0.43650793650793646
2023_03_BUF_WAS,0.0,0.4132927982388197,0.3221399189902643,0.3194444444444444
2023_03_CAR_SEA,1.0,0.5987221547838044,0.6887274609809837,0.6636481241914618
2023_03_DAL_ARI,1.0,0.29687535450938773,0.15977180316462514,0.16835016835016833
2023_03_CHI_KC,1.0,0.8889573495815051,0.8570531809227269,0.8465011286681716
2023_03_PIT_LV,0.0,0.4674023706155471,0.6445233218718722,0.5720596355604638
2023_03_PHI_TB,0.0,0.48855827549923836,0.28780008041051586,0.30920711694593195
2023_03_LA_CIN,1.0,0.6170613051342938,0.6089547817944116,0.593369754159424
2023_04_DET_GB,0.0,0.5005771310725744,0.41660912716787524,0.43650793650793646
2023_04_ATL_JAX,1.0,0.553618241342835,0.643527186580785,0.6224665518611737
2023_04_MIA_BUF,1.0,0.5981227630349402,0.5939971271992357,0.5634920634920635
2023_04_MIN_CAR,0.0,0.5202817227934596,0.33481959038092546,0.33635187580853815
2023_04_DEN_CHI,0.0,0.5125667646266965,0.3939739098855406,0.4066302458405761
2023_04_BAL_CLE,0.0,0.6393928192770755,0.40221803549719526,0.44855888528345106
2023_04_PIT_HOU,1.0,0.36789342619688414,0.4295075046451934,0.4066302458405761
2023_04_LA_IND,0.0,0.40005067799291516,0.5021350285296113,0.4891657638136511
2023_04_TB_NO,0.0,0.5930864163021339,0.6531845476160619,0.644729178800233
2023_04_WAS_PHI,1.0,0.7399698582316652,0.8033126474965047,0.7867435158501441
2023_04_CIN_TEN,1.0,0.3767864644444672,0.44729838210484374,0.4066302458405761
2023_04_LV_LAC,1.0,0.6788730850815645,0.7398776004075287,0.725752508361204
2023_04_NE_DAL,1.0,0.6174090984555791,0.7366585050690604,0.7095435684647302
2023_04_ARI_SF,1.0,0.8378273409733441,0.9081251890043001,0.88
2023_04_KC_NYJ,0.0,0.3020600606511261,0.2132315714929749,0.2042241228835748
2023_04_SEA_NYG,0.0,0.47724233745852196,0.4222714336045321,0.43650793650793646
2023_05_CHI_WAS,0.0,0.7607851922620916,0.6845886401200558,0.690792883054068
2023_05_JAX_BUF,0.0,0.8109470682666049,0.6505796376976964,0.6853932584269663
2023_05_HOU_ATL,1.0,0.551810789075152,0.6053109122272108,0.5634920634920635
2023_05_CAR_DET,1.0,0.7457316666427952,0.8020843723857757,0.7867435158501441
2023_05_TEN_IND,1.0,0.506054754919981,0.4152830576303628,0.43650793650793646
2023_05_NYG_MIA,1.0,0.7992443534756002,0.8666760122286181,0.8465011286681716
2023_05_NO_NE,0.0,0.5978055321221362,0.5940758655731992,0.551441114716549
2023_05_BAL_PIT,1.0,0.4137454151130616,0.3593882350225295,0.33099297893681046
2023_05_CIN_ARI,0.0,0.5235673453371421,0.39134664947314635,0.3962430290578222
2023_05_PHI_LA,0.0,0.4969673351403435,0.378184706654485,0.3690596562184024
2023_05_NYJ_DEN,0.0,0.45111725331324115,0.6292163504017236,0.551441114716549
2023_05_KC_MIN,0.0,0.34116794788301963,0.41652197431545246,0.38356164383561653
2023_05_DAL_SF,1.0,0.6286445428357199,0.6255173417372085,0.6164383561643836
2023_05_GB_LV,1.0,0.5010638171975657,0.5579719895249546,0.5173641257162701
2023_06_DEN_KC,1.0,0.8727731374651334,0.7974471341020589,0.8316498316498315
2023_06_BAL_TEN,0.0,0.4425065711433527,0.31555665468383154,0.3146067415730337
2023_06_WAS_ATL,0.0,0.6099659572032328,0.5510489803686873,0.5324675324675325
2023_06_MIN_CHI,0.0,0.3953452545214545,0.4225160941311391,0.4003612281757977
2023_06_SEA_CIN,1.0,0.5232809415916427,0.6315138449776255,0.5829926410466066
2023_06_SF_CLE,1.0,0.28197174212007325,0.21746832248687675,0.20863836017569548
2023_06_NO_HOU,1.0,0.42409203379329785,0.4554668022090117,0.4572564612326044
2023_06_IND_JAX,1.0,0.6841301077659617,0.6306487075995121,0.644729178800233
2023_06_CAR_MIA,1.0,0.7883170142210301,0.8985228904122265,0.88
2023_06_NE_LV,1.0,0.5726206962988044,0.6198170255907385,0.5720596355604638
2023_06_ARI_LA,1.0,0.6676818689211501,0.7423639895521956,0.7408716136631331
2023_06_PHI_NYJ,1.0,0.4005891889058215,0.2892649229900024,0.27792074112197634
2023_06_DET_TB,0.0,0.5105692512942763,0.39445119249249705,0.4066302458405761
2023_06_NYG_BUF,1.0,0.8576022379399115,0.9129977108602295,0.8869565217391304
2023_06_DAL_LAC,0.0,0.481555320284176,0.4614227840784366,0.4572564612326044
2023_07_JAX_NO,0.0,0.5687098712717638,0.6012207111968624,0.5720596355604638
2023_07_DET_BAL,1.0,0.4949950853683138,0.6381164777743883,0.593369754159424
2023_07_LV_CHI,1.0,0.4473338880981601,0.42958291264337045,0.43650793650793646
2023_07_CLE_IND,0.0,0.4078981018262986,0.3995717729942819,0.38356164383561653
2023_07_BUF_NE,1.0,0.25853735069643713,0.2879468259378992,0.23409789548356588
2023_07_WAS_NYG,1.0,0.5614187385564723,0.382299946755533,0.4066302458405761
2023_07_ATL_TB,0.0,0.6653274417279502,0.5966122913085455,0.5720596355604638
2023_07_PIT_LA,0.0,0.6280485710360679,0.6256652492130963,0.6092362344582594
2023_07_ARI_SEA,1.0,0.7165772481601436,0.8081176986183144,0.7867435158501441
2023_07_GB_DEN,1.0,0.42998114546340804,0.5952724391884202,0.5173641257162701
2023_07_LAC_KC,1.0,0.7154148984158487,0.6787350221359064,0.6957699520733487
2023_07_MIA_PHI,1.0,0.47534471928927013,0.6426808839622252,0.5829926410466066
2023_07_SF_MIN,1.0,0.26442259232503895,0.30400575114384476,0.26645768025078376
2023_08_TB_BUF,1.0,0.750245995938691,0.8150192880790623,0.7957758771164253
2023_08_HOU_CAR,1.0,0.5075640804589767,0.3951694259552897,0.4066302458405761
2023_08_LA_DAL,1.0,0.6604711174467244,0.7272735620600819,0.725752508361204
2023_08_MIN_GB,0.0,0.4909593607827607,0.47937122215638095,0.4956702459300312
2023_08_NO_IND,0.0,0.4742424670770763,0.4430414220741036,0.4572564612326044
2023_08_NE_MIA,1.0,0.7495706267916304,0.739654547885811,0.76
2023_08_NYJ_NYG,0.0,0.5350334243774465,0.3886088944619196,0.4066302458405761
2023_08_JAX_PIT,0.0,0.5167151756903143,0.41270405340266203,0.44855888528345106
2023_08_ATL_TEN,1.0,0.5863099789384292,0.39580950156100214,0.4572564612326044
2023_08_PHI_WAS,0.0,0.34825152820861927,0.2835700730285393,0.27792074112197634
2023_08_CLE_SEA,1.0,0.5707270605457578,0.658403992464727,0.6369041816941222
2023_08_BAL_ARI,0.0,0.293379192125774,0.21503990731407918,0.19999999999999998
2023_08_KC_DEN,1.0,0.22079468432972882,0.3162131627460951,0.2591283863368669
2023_08_CIN_SF,0.0,0.7671141819980427,0.607054215185962,0.644729178800233
2023_08_CHI_LAC,1.0,0.7129926644835549,0.8088303416366979,0.7819063004846527
2023_08_LV_DET,1.0,0.7536464755756723,0.7217794679745186,0.7408716136631331
2023_09_TEN_PIT,1.0,0.5915170238464063,0.6345675253844287,0.6092362344582594
2023_09_MIA_KC,1.0,0.5789616124249148,0.5387001548355564,0.5108342361863489
2023_09_MIN_ATL,0.0,0.42816331642690886,0.6722404406436217,0.6309403437815976
2023_09_SEA_BAL,1.0,0.6502326290264331,0.7124351941802332,0.700162074554295
2023_09_ARI_CLE,1.0,0.704566974644402,0.8918421139327468,0.8465011286681716
2023_09_LA_GB,1.0,0.4635442899461566,0.664194355833776,0.6333661417322836
2023_09_TB_HOU,1.0,0.5118131445464684,0.6148687866961076,0.5720596355604638
2023_09_WAS_NE,0.0,0.5863183693010894,0.596914162975627,0.5829926410466066
2023_09_CHI_NO,1.0,0.7367806022621095,0.7895849012021403,0.7819063004846527
2023_09_IND_CAR,0.0,0.5146182481319487,0.4532811327190447,0.4572564612326044
2023_09_NYG_LV,1.0,0.4966306231852614,0.5590578048217479,0.5173641257162701
2023_09_DAL_PHI,1.0,0.5098036302956077,0.653650750720854,0.6092362344582594
2023_09_BUF_CIN,1.0,0.4374571584526208,0.5934481799291821,0.5324675324675325
2023_09_LAC_NYJ,0.0,0.4898648060173346,0.3994059551565564,0.3962430290578222
2023_10_CAR_CHI,1.0,0.5966252805071732,0.6139983697033211,0.6164383561643836
2023_10_IND_NE,0.0,0.5126595555743005,0.47400687537642605,0.4826358742837298
2023_10_CLE_BAL,0.0,0.6783366911885238,0.7058917688118975,0.690792883054068
2023_10_HOU_CIN,0.0,0.6766953242587683,0.6884978599317485,0.6853932584269663
2023_10_SF_JAX,0.0,0.4409775859986995,0.4112190296493823,0.3962430290578222
2023_10_NO_MIN,1.0,0.5660743748445143,0.3811839769723343,0.41700735895339325
2023_10_GB_PIT,1.0,0.6094843168580935,0.6108355275733304,0.5996387718242023
2023_10_TEN_TB,1.0,0.5718406476755685,0.6004585884025224,0.5634920634920635
2023_10_ATL_ARI,1.0,0.46631925729782286,0.4449892533454427,0.4572564612326044
2023_10_DET_LAC,0.0,0.5314714309620228,0.40913525054601185,0.43650793650793646
2023_10_NYG_DAL,1.0,0.7939010819728118,0.9479266905048519,0.9197080291970803
2023_10_WAS_SEA,1.0,0.6389552186111627,0.7149860353627179,0.700162074554295
2023_10_NYJ_LV,1.0,0.5627940220722729,0.46157083566485824,0.4891657638136511
2023_10_DEN_BUF,0.0,0.8027131909869576,0.7251321332791194,0.7659021045164341
2023_11_CIN_BAL,1.0,0.6474750184591237,0.640023391768452,0.644729178800233
2023_11_DAL_CAR,0.0,0.2628276345419096,0.17895086035690477,0.16835016835016833
2023_11_PIT_CLE,1.0,0.6708126831193835,0.5753016958076744,0.5634920634920635
2023_11_CHI_DET,1.0,0.7428747851674375,0.7575411626679762,0.7819063004846527
2023_11_LAC_GB,1.0,0.5101291353960946,0.39455636547142603,0.4066302458405761
2023_11_ARI_HOU,1.0,0.7015586541436192,0.682308375238597,0.6853932584269663
2023_11_TEN_JAX,1.0,0.6346500906624813,0.7329663165068576,0.7135512302607419
2023_11_LV_MIA,1.0,0.761618757030569,0.9023803420847181,0.88
2023_11_NYG_WAS,0.0,0.6401650240058852,0.7642635539607769,0.7659021045164341
2023_11_TB_SF,1.0,0.7880851571018673,0.8892255571022813,0.8677165354330708
2023_11_NYJ_BUF,1.0,0.7592561569348468,0.7535235609890963,0.7659021045164341
2023_11_SEA_LA,1.0,0.542740963482618,0.6074915732828559,0.551441114716549
2023_11_MIN_DEN,1.0,0.41306962188519303,0.6382368045482472,0.5634920634920635
2023_11_PHI_KC,0.0,0.6265650868741186,0.586849604121308,0.5720596355604638
2023_12_GB_DET,0.0,0.6550367575620409,0.7916281824948208,0.7768331562167907
2023_12_WAS_DAL,1.0,0.8062242745825833,0.8760670414979945,0.8524590163934427
2023_12_SF_SEA,0.0,0.3023103497163826,0.29437608320561814,0.2522172949002217
2023_12_MIA_NYJ,0.0,0.34843163731010796,0.2040675256001535,0.19999999999999998
2023_12_NO_ATL,1.0,0.44332877838500695,0.4506700472140077,0.4572564612326044
2023_12_PIT_CIN,0.0,0.6170043518826155,0.4079004535163805,0.44855888528345106
2023_12_JAX_HOU,0.0,0.5181344067414615,0.47265334509106627,0.4891657638136511
2023_12_TB_IND,1.0,0.5018475778859655,0.6172314610296654,0.5829926410466066
2023_12_NE_NYG,1.0,0.5245087674654054,0.3338630691088659,0.3425247738043946
2023_12_CAR_TEN,1.0,0.6374356448434428,0.6233242897914932,0.6092362344582594
2023_12_LA_ARI,0.0,0.4538234876060365,0.40809302312388573,0.4279403644395361
2023_12_CLE_DEN,1.0,0.39291046700433996,0.6043910757419868,0.5324675324675325
2023_12_KC_LV,0.0,0.32471376160800225,0.22358894870754598,0.19999999999999998
2023_12_BUF_PHI,1.0,0.5412311262956429,0.607853708530194,0.5720596355604638
2023_12_BAL_LAC,0.0,0.4292206504147168,0.41409822424067555,0.3962430290578222
2023_12_CHI_MIN,0.0,0.7033689268276603,0.5863160928782801,0.5996387718242023
2023_13_SEA_DAL,1.0,0.7781834791513453,0.7947754943601696,0.7999999999999999
2023_13_DEN_HOU,1.0,0.5672712815695312,0.6403260481786828,0.6037569709421778
2023_13_LAC_NE,0.0,0.47226021383949424,0.34574991827268087,0.33635187580853815
2023_13_DET_NO,0.0,0.5224003100629956,0.353086130786625,0.36309581830587784
2023_13_ATL_NYJ,0.0,0.5306656521394122,0.42923968807313395,0.4675324675324676
2023_13_ARI_PIT,0.0,0.7560797330609914,0.685914809930545,0.7095435684647302
2023_13_IND_TEN,0.0,0.5310854499147808,0.44922749609837376,0.47391341473828025
2023_13_MIA_WAS,0.0,0.31614821088725353,0.24095221830755698,0.2132564841498559
2023_13_CAR_TB,1.0,0.6977956456451154,0.6270186406048444,0.6369041816941222
2023_13_CLE_LA,1.0,0.5070255584657894,0.6542868421507464,0.6309403437815976
2023_13_SF_PHI,0.0,0.4119054220112941,0.41837596108936825,0.4279403644395361
2023_13_KC_GB,1.0,0.42536477787830795,0.31940165007557375,0.30423004792665137
2023_13_CIN_JAX,0.0,0.5392090207489388,0.8506821931532806,0.8118668596237336
2023_14_NE_PIT,0.0,0.6573330825571401,0.7108082696529263,0.700162074554295
2023_14_TB_ATL,0.0,0.5214404813464886,0.5730461985674871,0.5324675324675325
2023_14_LA_BAL,1.0,0.6848865584011762,0.7548250575375228,0.7508125677139762
2023_14_DET_CHI,1.0,0.44037874681500433,0.4113652375531187,0.3962430290578222
2023_14_IND_CIN,1.0,0.6598783242943274,0.5980415554237557,0.5720596355604638
2023_14_JAX_CLE,1.0,0.5776700158963931,0.599035552414305,0.5634920634920635
2023_14_CAR_NO,1.0,0.7068000794522444,0.6809679162690263,0.6805555555555556
2023_14_HOU_NYJ,1.0,0.4481106119455992,0.3898006056596772,0.3907637655417407
2023_14_MIN_LV,0.0,0.45015595542862474,0.40898357319107714,0.41700735895339325
2023_14_SEA_SF,1.0,0.8159313629334459,0.9031196249702166,0.8720930232558138
2023_14_BUF_KC,0.0,0.542954794156095,0.5877245158501281,0.5324675324675325
2023_14_DEN_LAC,0.0,0.6247187227288773,0.6070401217094217,0.593369754159424
2023_14_PHI_DAL,1.0,0.6770921617252756,0.6131316304773476,0.6092362344582594
2023_14_TEN_MIA,0.0,0.7708064793668861,0.9010939791157968,0.8677165354330708
2023_14_GB_NYG,1.0,0.3745271661576447,0.3128730536737713,0.30423004792665137
2023_15_LAC_LV,1.0,0.49567334045137446,0.6379586906415634,0.593369754159424
2023_15_MIN_CIN,1.0,0.5632847462795896,0.6220540970590431,0.6092362344582594
2023_15_PIT_IND,1.0,0.5325344257128471,0.5703375906759485,0.5260865852617197
2023_15_DEN_DET,1.0,0.6014871346990718,0.7058952817585458,0.690792883054068
2023_15_ATL_CAR,1.0,0.4668636779272378,0.4049376652141823,0.41700735895339325
2023_15_CHI_CLE,1.0,0.6292281690510111,0.6059056476729787,0.5720596355604638
2023_15_TB_GB,0.0,0.6299058581048879,0.6443592622775187,0.6574752261956053
2023_15_NYJ_MIA,1.0,0.7568986642662943,0.7377848501830929,0.7440690150970525
2023_15_KC_NE,0.0,0.36950349520284287,0.18616968887590968,0.2042241228835748
2023_15_NYG_NO,1.0,0.668509684640487,0.7082122747647924,0.6853932584269663
2023_15_HOU_TEN,0.0,0.579481133795276,0.6181644071947636,0.6037569709421778
2023_15_SF_ARI,0.0,0.15995485620021288,0.1627757989155918,0.15349887133182846
2023_15_WAS_LA,1.0,0.7274337802876621,0.7113107191019922,0.7179705215419501
2023_15_DAL_BUF,1.0,0.5175929341770247,0.5938592920787451,0.551441114716549
2023_15_BAL_JAX,0.0,0.4210690719169917,0.3768434827295034,0.33635187580853815
2023_15_PHI_SEA,1.0,0.4713159253038477,0.32736851869285,0.32496875300451883
2023_16_NO_LA,1.0,0.5555037844988544,0.6619093873246668,0.6574752261956053
2023_16_CIN_PIT,1.0,0.46076580273859347,0.40641114295592484,0.41700735895339325
2023_16_BUF_LAC,0.0,0.29092908064289913,0.12631257613921254,0.1475409836065574
2023_16_IND_ATL,1.0,0.5172932401310097,0.6329160103104019,0.5829926410466066
2023_16_GB_CAR,0.0,0.4299249013595854,0.3941889952120601,0.36309581830587784
2023_16_CLE_HOU,0.0,0.48205199406895394,0.4012808797247719,0.4066302458405761
2023_16_DET_MIN,0.0,0.5366023987679289,0.40789387476912053,0.4279403644395361
2023_16_WAS_NYJ,1.0,0.5891913536272286,0.6158115056499203,0.5996387718242023
2023_16_SEA_TEN,0.0,0.5157031822640792,0.393224664295035,0.4003612281757977
2023_16_JAX_TB,1.0,0.5696979168599445,0.4196697855532665,0.4675324675324676
2023_16_ARI_CHI,1.0,0.6973916846343725,0.6462486787681698,0.6574752261956053
2023_16_DAL_MIA,1.0,0.5483170526610577,0.5664673530945623,0.5260865852617197
2023_16_NE_DEN,0.0,0.586763848298111,0.7591927962988654,0.7408716136631331
2023_16_LV_KC,0.0,0.7303327539062401,0.8446311429727662,0.8223350253807106
2023_16_NYG_PHI,1.0,0.7616661542123889,0.9023738082646044,0.863013698630137
2023_16_BAL_SF,0.0,0.7041391538837313,0.7170954020268754,0.7440690150970525
2023_17_NYJ_CLE,1.0,0.7271242019165866,0.7113895031679732,0.7415045018878884
2023_17_DET_DAL,1.0,0.6534957719483074,0.6940521101363268,0.6750312469954812
2023_17_MIA_BAL,1.0,0.5854597138864605,0.6167177204986041,0.6164383561643836
2023_17_NE_BUF,1.0,0.7868705810315206,0.9156403540251531,0.8869565217391304
2023_17_ATL_CHI,1.0,0.6046788236206287,0.6120216175553553,0.5829926410466066
2023_17_TEN_HOU,1.0,0.5231114221930335,0.7053337734811667,0.6690070210631895
2023_17_LV_IND,1.0,0.5179321999463922,0.6517863366733561,0.6164383561643836
2023_17_CAR_JAX,1.0,0.6621848065904768,0.6170258968597432,0.6309403437815976
2023_17_LA_NYG,0.0,0.3786518413347333,0.31192099128093453,0.2820294784580499
2023_17_ARI_PHI,0.0,0.7773743226273767,0.859609698637183,0.8465011286681716
2023_17_NO_TB,0.0,0.5740779070362658,0.5999130667897129,0.5720596355604638
2023_17_SF_WAS,0.0,0.20854518583643145,0.11873415670059817,0.12382234185733514
2023_17_PIT_SEA,0.0,0.5813174819756151,0.674500423010101,0.6636481241914618
2023_17_LAC_DEN,1.0,0.5884152272046002,0.635310115970253,0.6369041816941222
2023_17_CIN_KC,1.0,0.6776004590768056,0.7564113651287733,0.7440690150970525
2023_17_GB_MIN,0.0,0.5889541631958763,0.5361808932824661,0.5043297540699689
2023_18_PIT_BAL,0.0,0.7780369798733059,0.32609235178529594,0.41700735895339325
2023_18_HOU_IND,0.0,0.5674784389043674,0.44023164502918244,0.4675324675324676
2023_18_TB_CAR,0.0,0.3935230285955378,0.3452703440455742,0.3194444444444444
2023_18_CLE_CIN,1.0,0.5079932584812346,0.7892971985647023,0.7508125677139762
2023_18_MIN_DET,1.0,0.6754747848386616,0.6135581630182362,0.644729178800233
2023_18_NYJ_NE,0.0,0.6202438124465814,0.588454199747646,0.5634920634920635
2023_18_ATL_NO,1.0,0.6433585727237663,0.6218343235668098,0.6092362344582594
2023_18_JAX_TEN,1.0,0.46193332022686484,0.38649239096170207,0.37753344813882633
2023_18_SEA_ARI,0.0,0.45742549754067263,0.4271069758776548,0.41700735895339325
2023_18_CHI_GB,1.0,0.5944462561722988,0.5949084524086108,0.5720596355604638
2023_18_KC_LAC,0.0,0.3722355384705298,0.6850903270113708,0.6224665518611737
2023_18_DEN_LV,1.0,0.5889787641208535,0.6351753389023596,0.6092362344582594
2023_18_PHI_NYG,1.0,0.386886008034349,0.36584405964002764,0.32872981910134214
2023_18_LA_SF,0.0,0.7567317809946814,0.6674309752794481,0.6805555555555556
2023_18_DAL_WAS,0.0,0.274638995507142,0.1288025521435907,0.14205607476635515
2023_18_BUF_MIA,0.0,0.49295069898139665,0.41845698734324865,0.41700735895339325
2024_01_BAL_KC,1.0,0.45618888615961395,0.6471241246707994,0.5720596355604638
2024_01_GB_PHI,1.0,0.4938884018862798,0.5995564721883001,0.5427435387673957
2024_01_PIT_ATL,0.0,0.4347594851433303,0.6889622870709738,0.6309403437815976
2024_01_ARI_BUF,1.0,0.8089185734982764,0.6881639265065712,0.725752508361204
2024_01_TEN_CHI,1.0,0.6242280325413215,0.6457418338644781,0.6369041816941222
2024_01_NE_CIN,0.0,0.6812536814522,0.7713306326424649,0.7571884984025559
2024_01_HOU_IND,0.0,0.5481112698435804,0.38548444925066283,0.41700735895339325
2024_01_JAX_MIA,1.0,0.6692239577989177,0.6151972521480007,0.6164383561643836
2024_01_CAR_NO,1.0,0.7690441094603677,0.5867236160024345,0.6309403437815976
2024_01_MIN_NYG,0.0,0.4928827149076662,0.47889556411301826,0.4891657638136511
2024_01_LV_LAC,1.0,0.49053524911250157,0.6391535191366704,0.5829926410466066
2024_01_DEN_SEA,1.0,0.5816243193291568,0.7440920754516299,0.705033164260632
2024_01_DAL_CLE,0.0,0.41346267428635664,0.6381431635970752,0.5427435387673957
2024_01_WAS_TB,1.0,0.7268470869002216,0.619003228569812,0.6369041816941222
2024_01_LA_DET,1.0,0.5966459004968773,0.6891968682146455,0.6636481241914618
2024_01_NYJ_SF,1.0,0.8513730482499984,0.5569350980113619,0.6164383561643836
2024_02_BUF_MIA,0.0,0.5148365109990887,0.6141508686607536,0.551441114716549
2024_02_LV_BAL,0.0,0.7711650853869076,0.7816963736070397,0.7867435158501441
2024_02_LAC_CAR,0.0,0.3911360794023524,0.34583725289618195,0.33635187580853815
2024_02_NO_DAL,0.0,0.6389593411096681,0.7320305669639838,0.7135512302607419
2024_02_TB_DET,0.0,0.6677243896394229,0.7585293934289847,0.7571884984025559
2024_02_IND_GB,1.0,0.7208305878335668,0.3423362184688319,0.43650793650793646
2024_02_CLE_JAX,0.0,0.5169513084225044,0.6329959980671622,0.6037569709421778
2024_02_SF_MIN,1.0,0.37325450420818707,0.3691835214385436,0.3425247738043946
2024_02_SEA_NE,0.0,0.5185275080860752,0.3731064851345489,0.3962430290578222
2024_02_NYJ_TEN,0.0,0.5793984882676753,0.35877286496023264,0.38356164383561653
2024_02_NYG_WAS,1.0,0.5357306884419726,0.5695555430681385,0.5324675324675325
2024_02_LA_ARI,1.0,0.397692697436804,0.5027383300716675,0.4956702459300312
2024_02_PIT_DEN,0.0,0.4301592900812603,0.41386765533195136,0.41700735895339325
2024_02_CIN_KC,1.0,0.6915934836981342,0.7201006405920654,0.7135512302607419
2024_02_CHI_HOU,1.0,0.5287372212409718,0.7383351155924966,0.690792883054068
2024_02_ATL_PHI,0.0,0.6479924034408002,0.6953422792130481,0.6957699520733487
2024_03_NE_NYJ,1.0,0.5359017391975016,0.7532390827730474,0.7095435684647302
2024_03_NYG_CLE,0.0,0.7366546039886045,0.7089385105731093,0.700162074554295
2024_03_CHI_IND,1.0,0.5206208141210771,0.5732460004097835,0.5324675324675325
2024_03_HOU_MIN,1.0,0.6195004172262879,0.40727124905561085,0.44855888528345106
2024_03_PHI_NO,0.0,0.7514011609902077,0.5522195657565224,0.5634920634920635
2024_03_LAC_PIT,1.0,0.6161323391289363,0.6091860886706271,0.5720596355604638
2024_03_DEN_TB,0.0,0.6578512169285683,0.7106888888790724,0.6805555555555556
2024_03_GB_TEN,0.0,0.4131256640291071,0.6571408241784753,0.593369754159424
2024_03_CAR_LV,0.0,0.7691703959354566,0.6637994393095639,0.6805555555555556
2024_03_MIA_SEA,1.0,0.4802167436508844,0.6788630710150817,0.644729178800233
2024_03_DET_ARI,0.0,0.4566460313549934,0.4074086304181509,0.4279403644395361
2024_03_BAL_DAL,0.0,0.4836344709097702,0.4609099502437538,0.4782608695652174
2024_03_SF_LA,1.0,0.34611278653729216,0.31956407949097443,0.30920711694593195
2024_03_KC_ATL,0.0,0.3862192281969996,0.42482114648312663,0.3962430290578222
2024_03_JAX_BUF,1.0,0.7775968304104562,0.6037445443231102,0.6574752261956053
2024_03_WAS_CIN,0.0,0.7488948343354456,0.7398251502667703,0.7477827050997783
2024_04_DAL_NYG,0.0,0.41777037867243105,0.321121114224286,0.3146067415730337
2024_04_NO_ATL,1.0,0.35420675472771723,0.6524566721632312,0.5634920634920635
2024_04_CIN_CAR,0.0,0.37171285664717013,0.36956419163203813,0.35527082119976705
2024_04_LA_CHI,1.0,0.5281612938692846,0.6303687965958884,0.593369754159424
2024_04_MIN_GB,0.0,0.5840743654629401,0.5974658239883944,0.551441114716549
2024_04_JAX_HOU,1.0,0.6200442011678697,0.7017531254409384,0.6750312469954812
2024_04_PIT_IND,1.0,0.4140828402258304,0.4378288618979418,0.4572564612326044
2024_04_DEN_NYJ,0.0,0.5742944319205999,0.7771392507217258,0.7768331562167907
2024_04_PHI_TB,1.0,0.4877232351364199,0.480171726159775,0.4891657638136511
2024_04_WAS_ARI,0.0,0.6558912931892614,0.6186462025303744,0.6164383561643836
2024_04_NE_SF,1.0,0.8287403106998813,0.8104834022256093,0.8118668596237336
2024_04_KC_LAC,0.0,0.4342810852856852,0.24862391885199997,0.2559309849029475
2024_04_CLE_LV,1.0,0.5334044805272933,0.40866762451316563,0.44855888528345106
2024_04_BUF_BAL,1.0,0.5047524801564398,0.6165432955334648,0.551441114716549
2024_04_TEN_MIA,0.0,0.6827581658796235,0.5720719186745146,0.551441114716549
2024_04_SEA_DET,1.0,0.6462613530768817,0.6211002802619718,0.6224665518611737
2024_05_TB_ATL,1.0,0.49244895343170814,0.6194554586002265,0.5634920634920635
2024_05_NYJ_MIN,1.0,0.6999114962936529,0.5673331902157327,0.5634920634920635
2024_05_CAR_CHI,1.0,0.7292783111009552,0.6183117692806313,0.6369041816941222
2024_05_BAL_CIN,0.0,0.3217299860068503,0.4619133713891247,0.4279403644395361
2024_05_BUF_HOU,1.0,0.36583660288238395,0.5914940667581718,0.5173641257162701
2024_05_IND_JAX,1.0,0.4777937997052186,0.6609545082626226,0.6224665518611737
2024_05_MIA_NE,0.0,0.45653731900160444,0.4474004819903169,0.4572564612326044
2024_05_CLE_WAS,1.0,0.5540305631364363,0.6242592410534724,0.5829926410466066
2024_05_LV_DEN,1.0,0.6236949746487681,0.6072969445452372,0.5829926410466066
2024_05_ARI_SF,0.0,0.839474809832821,0.6957793730261268,0.7335423197492164
2024_05_GB_LA,0.0,0.4485857934766756,0.40936529557644064,0.41700735895339325
2024_05_NYG_SEA,0.0,0.6259596766227773,0.7512624490857855,0.725752508361204
2024_05_DAL_PIT,0.0,0.5222850120963545,0.6123795573235741,0.551441114716549
2024_05_NO_KC,1.0,0.5356733860928853,0.7200344972406437,0.6690070210631895
2024_06_SF_SEA,0.0,0.3532959126556925,0.413352166872309,0.36309581830587784
2024_06_JAX_CHI,1.0,0.6839694773820734,0.4102677120044852,0.4782608695652174
2024_06_WAS_BAL,1.0,0.7611244152860965,0.7023795187316095,0.7095435684647302
2024_06_ARI_GB,1.0,0.7125335480375004,0.6794860740867735,0.6750312469954812
2024_06_HOU_NE,0.0,0.4109852880863558,0.2869995095157636,0.30423004792665137
2024_06_TB_NO,0.0,0.6635626372585933,0.338459949900873,0.3907637655417407
2024_06_CLE_PHI,1.0,0.6472659667588112,0.7782588960190477,0.7768331562167907
2024_06_IND_TEN,0.0,0.5172598987110804,0.6135749925493943,0.551441114716549
2024_06_LAC_DEN,0.0,0.5906615391598292,0.37526668969519483,0.41700735895339325
2024_06_PIT_LV,0.0,0.4217136914000593,0.39618613036503525,0.38356164383561653
2024_06_ATL_CAR,0.0,0.3651793785354006,0.3150478871296275,0.30920711694593195
2024_06_DET_DAL,0.0,0.529623259593144,0.37049750348731836,0.38356164383561653
2024_06_CIN_NYG,0.0,0.501306107162717,0.33912180919740453,0.33099297893681046
2024_06_BUF_NYJ,0.0,0.3829300264333664,0.5065380271596002,0.47391341473828025
2024_07_DEN_NO,0.0,0.5991049608722143,0.3926681721370062,0.4279403644395361
2024_07_NE_JAX,1.0,0.6189019125769843,0.7363419298666256,0.7179705215419501
2024_07_SEA_ATL,0.0,0.5939424014967722,0.614653959439855,0.593369754159424
2024_07_TEN_BUF,1.0,0.7570482213561385,0.7996146519888475,0.8081570996978852
2024_07_CIN_CLE,0.0,0.44063661896649076,0.3159738324439647,0.33099297893681046
2024_07_HOU_GB,1.0,0.6832895451811278,0.591824350614149,0.6037569709421778
2024_07_MIA_IND,1.0,0.603790838804694,0.6122402402484712,0.5829926410466066
2024_07_DET_MIN,0.0,0.47049926477977533,0.5654553443899872,0.5173641257162701
2024_07_PHI_NYG,0.0,0.4671088606482302,0.4048784894117905,0.4003612281757977
2024_07_LV_LA,1.0,0.6840198831583616,0.7387179268869765,0.7477827050997783
2024_07_CAR_WAS,1.0,0.7818394849864935,0.8081241851426413,0.8081570996978852
2024_07_KC_SF,0.0,0.6220132607219626,0.5880060323721445,0.5634920634920635
2024_07_NYJ_PIT,1.0,0.6126019354111278,0.3699392080548247,0.4003612281757977
2024_07_BAL_TB,0.0,0.4593748163644371,0.3487144065247221,0.33635187580853815
2024_07_LAC_ARI,1.0,0.5092829206662703,0.47484151047764056,0.47391341473828025
2024_08_MIN_LA,1.0,0.43294679015633863,0.4131836704734264,0.41700735895339325
2024_08_PHI_CIN,0.0,0.5174107354540156,0.61353913573413,0.5720596355604638
2024_08_BAL_CLE,1.0,0.27482210312068533,0.2837742853737728,0.24
2024_08_TEN_DET,1.0,0.8260330692802416,0.8612903661393922,0.8524590163934427
2024_08_IND_HOU,1.0,0.624721976133449,0.6827645363882848,0.6636481241914618
2024_08_GB_JAX,0.0,0.3033057667312121,0.4267542540490923,0.3690596562184024
2024_08_ARI_MIA,0.0,0.5392726192177669,0.6656109919357147,0.6369041816941222
2024_08_NYJ_NE,1.0,0.38724620462737436,0.27495174775153763,0.27792074112197634
2024_08_ATL_TB,0.0,0.6610419760980941,0.4163931750873504,0.47391341473828025
2024_08_NO_LAC,1.0,0.5994205643227232,0.7566703357907162,0.725752508361204
2024_08_BUF_SEA,0.0,0.36815646143890735,0.4294396513633384,0.3962430290578222
2024_08_CAR_DEN,1.0,0.8452820534439176,0.8681801701951601,0.8465011286681716
2024_08_KC_LV,0.0,0.28906387008395207,0.23117533838489845,0.21809369951534735
2024_08_CHI_WAS,1.0,0.5612187700530933,0.563285122273496,0.5260865852617197
2024_08_DAL_SF,1.0,0.7356849378002659,0.6733219007907514,0.6750312469954812
2024_08_NYG_PIT,1.0,0.7283969900477586,0.6934106134883544,0.700162074554295
2024_09_HOU_NYJ,1.0,0.51035288675553,0.6152153333795934,0.5720596355604638
2024_09_DAL_ATL,1.0,0.5579666829014079,0.6233227379906269,0.5996387718242023
2024_09_DEN_BAL,1.0,0.7092188268257101,0.7954193766774507,0.7779605263157894
2024_09_MIA_BUF,1.0,0.813955666511127,0.6865288537303366,0.7095435684647302
2024_09_NO_CAR,1.0,0.32836192363252614,0.28814898631334207,0.2559309849029475
2024_09_LV_CIN,1.0,0.6678017981314965,0.7741203599738727,0.771505376344086
2024_09_LAC_CLE,0.0,0.4882395563262534,0.4396094115188718,0.4572564612326044
2024_09_WAS_NYG,0.0,0.4073448383123939,0.3609130977481019,0.3425247738043946
2024_09_NE_TEN,1.0,0.6484209473961084,0.601014526702419,0.593369754159424
2024_09_CHI_ARI,1.0,0.5042735147040776,0.5772235075681987,0.5217391304347826
2024_09_JAX_PHI,1.0,0.7305265555904793,0.7443525358113844,0.7408716136631331
2024_09_DET_GB,0.0,0.47188334282462363,0.42357611133776196,0.41700735895339325
2024_09_LA_SEA,0.0,0.5051215292304032,0.4556178902426127,0.4675324675324676
2024_09_IND_MIN,1.0,0.696974580296974,0.7188203714721754,0.7179705215419501
2024_09_TB_KC,1.0,0.677487693238884,0.801713565585167,0.7768331562167907
2024_10_CIN_BAL,1.0,0.7496538414251007,0.6876999895062316,0.700162074554295
2024_10_NYG_CAR,1.0,0.3805670696572052,0.29369691157985856,0.2820294784580499
2024_10_NE_CHI,0.0,0.7262788357647865,0.7116043620395802,0.7335423197492164
2024_10_BUF_IND,0.0,0.3398641375162459,0.37758292572010355,0.33099297893681046
2024_10_MIN_JAX,0.0,0.3499748258943103,0.28317969376678653,0.25341685649202733
2024_10_DEN_KC,1.0,0.712693615507834,0.7485643086173688,0.76
2024_10_ATL_NO,1.0,0.5201882192053123,0.37271588710349657,0.3690596562184024
2024_10_SF_TB,0.0,0.42449974506909804,0.2840871148479356,0.2820294784580499
2024_10_PIT_WAS,0.0,0.5796319345386864,0.5587075952819999,0.5260865852617197
2024_10_TEN_LAC,1.0,0.6820787523012448,0.7711573225747909,0.76
2024_10_NYJ_ARI,1.0,0.5670779634540802,0.4203148849498781,0.4572564612326044
2024_10_PHI_DAL,0.0,0.453683066032301,0.24478616510797657,0.2491874322860238
2024_10_DET_HOU,0.0,0.3470036937148979,0.37575792065240365,0.33099297893681046
2024_10_MIA_LA,0.0,0.6475854828646006,0.5814377970114569,0.5634920634920635
2024_11_WAS_PHI,1.0,0.6383324650966973,0.6611293857177248,0.6690070210631895
2024_11_GB_CHI,0.0,0.3849203260759635,0.31048253606414644,0.30423004792665137
2024_11_JAX_DET,1.0,0.8261555682714721,0.8923071512751203,0.8720930232558138
2024_11_LV_MIA,1.0,0.6905436455502639,0.7693637117046008,0.7768331562167907
2024_11_LA_NE,0.0,0.4064989026201554,0.3803654128722228,0.36309581830587784
2024_11_CLE_NO,1.0,0.5828527559957954,0.45654609170311566,0.4891657638136511
2024_11_IND_NYJ,0.0,0.5636640728253075,0.66003476162052,0.644729178800233
2024_11_BAL_PIT,1.0,0.39739090808833355,0.4220017973792731,0.3907637655417407
2024_11_MIN_TEN,0.0,0.366614567315922,0.31471238400799495,0.28644876973925815
2024_11_ATL_DEN,1.0,0.5792756422698013,0.5788205668404405,0.551441114716549
2024_11_SEA_SF,0.0,0.7847278042282907,0.677565830851621,0.6957699520733487
2024_11_KC_BUF,1.0,0.6211740224674989,0.5882186898796276,0.5634920634920635
2024_11_CIN_LAC,1.0,0.5856509620870775,0.5370153675096052,0.5
2024_11_HOU_DAL,0.0,0.47925446726614895,0.2398085401530241,0.2491874322860238
2024_12_PIT_CLE,1.0,0.4174082583378369,0.3972376537903275,0.35527082119976705
2024_12_KC_CAR,0.0,0.1972349203349285,0.19333539771824482,0.15999999999999998
2024_12_MIN_CHI,0.0,0.4187833826077634,0.4166709859189167,0.3907637655417407
2024_12_TEN_HOU,0.0,0.6846043835384757,0.7706251553453445,0.7571884984025559
2024_12_DET_IND,0.0,0.2681086723674251,0.30303420402044523,0.24281150159744405
2024_12_NE_MIA,1.0,0.6856600152653428,0.7546554283608948,0.7508125677139762
2024_12_TB_NYG,0.0,0.3898396138406247,0.29163247388388525,0.2820294784580499
2024_12_DAL_WAS,0.0,0.6870546247516023,0.8398857666782937,0.827123695976155
2024_12_DEN_LV,0.0,0.35276198226483557,0.3000267137336734,0.2949668357393679
2024_12_SF_GB,1.0,0.49065426021000846,0.7620247012398298,0.7135512302607419
2024_12_ARI_SEA,1.0,0.49767389240898807,0.4777109607451955,0.4891657638136511
2024_12_PHI_LA,0.0,0.45831389841856673,0.4070046005087654,0.3962430290578222
2024_12_BAL_LAC,0.0,0.3840172870534895,0.4253800346272302,0.4003612281757977
2024_13_CHI_DET,1.0,0.8193481068679302,0.7842871112641152,0.8042929292929294
2024_13_NYG_DAL,1.0,0.623100473077959,0.6647795783477864,0.661450015969339
2024_13_MIA_GB,1.0,0.7132434427425174,0.6033059290594157,0.6092362344582594
2024_13_LV_KC,1.0,0.8008061745412924,0.8871193644016604,0.8524590163934427
2024_13_LAC_ATL,0.0,0.48685648161700334,0.4803861760656092,0.4826358742837298
2024_13_PIT_CIN,0.0,0.5586026585134742,0.6231712295178604,0.5829926410466066
2024_13_HOU_JAX,0.0,0.37843109775291917,0.40691892086167136,0.3690596562184024
2024_13_ARI_MIN,1.0,0.6471490667501272,0.6208752839001884,0.6224665518611737
2024_13_IND_NE,0.0,0.454266040434122,0.42788103191036286,0.44855888528345106
2024_13_SEA_NYJ,0.0,0.5358741150774591,0.5494196211582136,0.5108342361863489
2024_13_TEN_WAS,1.0,0.6193681640807669,0.7193282397764463,0.6853932584269663
2024_13_TB_CAR,0.0,0.273263428432555,0.31968115068329583,0.28644876973925815
2024_13_LA_NO,0.0,0.5262204791824886,0.4104052904382164,0.43650793650793646
2024_13_PHI_BAL,0.0,0.6305953181813947,0.6055606505345164,0.593369754159424
2024_13_SF_BUF,1.0,0.6125273185178746,0.7376898622144558,0.7408716136631331
2024_13_CLE_DEN,1.0,0.7121155923632901,0.7151461458112119,0.7135512302607419
2024_14_GB_DET,1.0,0.663397959870186,0.5971195545377944,0.6037569709421778
2024_14_NYJ_MIA,1.0,0.6567845543075704,0.7280994857596278,0.7179705215419501
2024_14_ATL_MIN,1.0,0.687175280281604,0.7037720137166227,0.6853932584269663
2024_14_NO_NYG,0.0,0.45453618909342586,0.31288492388103584,0.3194444444444444
2024_14_CAR_PHI,1.0,0.8672460179834061,0.8840960317959328,0.8677165354330708
2024_14_CLE_PIT,1.0,0.68966067887423,0.7031700763548506,0.690792883054068
2024_14_LV_TB,1.0,0.7084914139214802,0.7330497641403397,0.7335423197492164
2024_14_JAX_TEN,0.0,0.6056632517035021,0.6117790523812264,0.6037569709421778
2024_14_SEA_ARI,0.0,0.6067798566592695,0.6115036642434682,0.6092362344582594
2024_14_BUF_LA,1.0,0.3587128996489135,0.4119509157779935,0.3690596562184024
2024_14_CHI_SF,1.0,0.658594924638104,0.598376706584401,0.593369754159424
2024_14_LAC_KC,1.0,0.6197287538962826,0.6839226491094113,0.6750312469954812
2024_14_CIN_DAL,0.0,0.4647293664725708,0.3288502671216488,0.33099297893681046
2024_15_LA_SF,0.0,0.6733066328327644,0.5945003959163127,0.5829926410466066
2024_15_DAL_CAR,0.0,0.4832410487221922,0.6216314564659271,0.5634920634920635
2024_15_KC_CLE,0.0,0.4133977816704144,0.3594708534651234,0.33099297893681046
2024_15_MIA_HOU,1.0,0.5720409872781987,0.6004097698370549,0.5829926410466066
2024_15_NYJ_JAX,0.0,0.5241858076105322,0.37177584368741956,0.3907637655417407
2024_15_WAS_NO,0.0,0.46823001273025544,0.24194447356576376,0.24281150159744405
2024_15_BAL_NYG,0.0,0.2207956071013587,0.07401555674592752,0.08755760368663595
2024_15_CIN_TEN,0.0,0.45100828299793116,0.295826340050367,0.3146067415730337
2024_15_NE_ARI,1.0,0.6900518254999732,0.7030751034492214,0.690792883054068
2024_15_IND_DEN,1.0,0.6784486655093058,0.6511660461800032,0.6750312469954812
2024_15_BUF_DET,0.0,0.5895964680564527,0.5961066829364455,0.5427435387673957
2024_15_TB_LAC,0.0,0.5500753420506408,0.6251982783692991,0.593369754159424
2024_15_PIT_PHI,1.0,0.6671374367010101,0.6908098296430051,0.6957699520733487
2024_15_GB_SEA,0.0,0.4121678261024283,0.41831076579243487,0.4066302458405761
2024_15_CHI_MIN,1.0,0.6815635131204153,0.7392727103187037,0.7335423197492164
2024_15_ATL_LV,0.0,0.4965569283426854,0.26903097346682614,0.2559309849029475
2024_16_DEN_LAC,1.0,0.4844934178322281,0.640557251293405,0.5720596355604638
2024_16_HOU_KC,1.0,0.6463314168606729,0.6210825310100683,0.6164383561643836
2024_16_PIT_BAL,1.0,0.7699444879044139,0.7173878210988027,0.7440690150970525
2024_16_NYG_ATL,1.0,0.6611736321821399,0.8185523213295711,0.8118668596237336
2024_16_ARI_CAR,1.0,0.34366717029904137,0.3385893001546182,0.3194444444444444
2024_16_DET_CHI,0.0,0.29434967726780437,0.2963381499577691,0.2591283863368669
2024_16_CLE_CIN,1.0,0.6776072950756542,0.8288401076000176,0.8172588832487311
2024_16_TEN_IND,1.0,0.6176807283865906,0.6473256731948049,0.6369041816941222
2024_16_LA_NYJ,0.0,0.45047822757835365,0.4089052598622458,0.4066302458405761
2024_16_PHI_WAS,1.0,0.4249085630381416,0.3759216242742056,0.3425247738043946
2024_16_MIN_SEA,0.0,0.46408030052283866,0.42547958687895626,0.4279403644395361
2024_16_NE_BUF,1.0,0.860822797397735,0.8855127432080074,0.88
2024_16_JAX_LV,1.0,0.5572176749378797,0.6040063244409879,0.5427435387673957
2024_16_SF_MIA,1.0,0.447966608408755,0.44952004701911197,0.4675324675324676
2024_16_TB_DAL,1.0,0.40989696837296763,0.3603041335718009,0.3425247738043946
2024_16_NO_GB,1.0,0.7730530158004858,0.9007731791542914,0.8677165354330708
2024_17_KC_PIT,0.0,0.46916297914600236,0.40438292158726985,0.4066302458405761
2024_17_BAL_HOU,0.0,0.325955769045299,0.3430052588528838,0.3194444444444444
2024_17_SEA_CHI,0.0,0.5143110312054326,0.37409845831423993,0.3690596562184024
2024_17_LAC_NE,0.0,0.46120546022370923,0.2936303053488164,0.27792074112197634
2024_17_DEN_CIN,1.0,0.5430536197246227,0.6459869262273035,0.6092362344582594
2024_17_ARI_LA,1.0,0.6232862931729025,0.7354088334690312,0.7408716136631331
2024_17_NYJ_BUF,1.0,0.806888217169679,0.8021150192447605,0.8042929292929294
2024_17_TEN_JAX,1.0,0.5589277303855159,0.4625350193269663,0.5043297540699689
2024_17_LV_NO,0.0,0.5900330005275647,0.4146422363929194,0.4675324675324676
2024_17_IND_NYG,1.0,0.41776388609659976,0.25194082566025866,0.22849462365591394
2024_17_DAL_PHI,1.0,0.7844310522469462,0.73040177456901,0.7335423197492164
2024_17_CAR_TB,1.0,0.7993972952292847,0.7895702152956684,0.7999999999999999
2024_17_MIA_CLE,0.0,0.4039408074845503,0.42036067393600585,0.3962430290578222
2024_17_GB_MIN,1.0,0.4403400059251943,0.49195093493435604,0.4956702459300312
2024_17_ATL_WAS,1.0,0.6417419555162195,0.6222420247464547,0.6309403437815976
2024_17_DET_SF,0.0,0.4443055309474141,0.371299437649242,0.33099297893681046
2024_18_CLE_BAL,1.0,0.8930131206759713,0.957669024797393,0.9258160237388724
2024_18_CIN_PIT,0.0,0.4940377004203351,0.41819347692579867,0.4279403644395361
2024_18_CAR_ATL,0.0,0.7223281466779348,0.7463097685716982,0.76
2024_18_WAS_DAL,0.0,0.4164274689591334,0.2687530060865567,0.27424749163879597
2024_18_CHI_GB,0.0,0.7841689379244307,0.8075877101816764,0.771505376344086
2024_18_JAX_IND,1.0,0.5984507948355573,0.6329006568933857,0.6164383561643836
2024_18_BUF_NE,1.0,0.20733502516829583,0.47639145939136207,0.4003612281757977
2024_18_NYG_PHI,1.0,0.8696819404711744,0.52862198133217,0.5829926410466066
2024_18_NO_TB,1.0,0.7707607382497601,0.909683042525724,0.8761776581426649
2024_18_HOU_TEN,0.0,0.44589169237598025,0.6304513438291057,0.5634920634920635
2024_18_SF_ARI,1.0,0.43660110855561085,0.7063356752678509,0.6309403437815976
2024_18_KC_DEN,1.0,0.5033084601906036,0.8670689035996282,0.7957758771164253
2024_18_SEA_LA,0.0,0.6137239751522235,0.21436584080506282,0.2491874322860238
2024_18_LAC_LV,0.0,0.42947101008119004,0.26603846856010693,0.2559309849029475
2024_18_MIA_NYJ,1.0,0.4417757014463439,0.5923959895461361,0.5260865852617197
2024_18_MIN_DET,1.0,0.6703414500409051,0.5952879169954134,0.5720596355604638
2025_01_DAL_PHI,1.0,0.8051924648909679,0.7573655332880491,0.7768331562167907
2025_01_KC_LAC,1.0,0.5832982689470618,0.37704365712209376,0.3907637655417407
2025_01_TB_ATL,0.0,0.394047906045936,0.4833482597709752,0.4891657638136511
2025_01_CIN_CLE,0.0,0.36041036755633027,0.3345126907486312,0.32496875300451883
2025_01_MIA_IND,1.0,0.45355923259855846,0.5895298285388191,0.5043297540699689
2025_01_CAR_JAX,1.0,0.6096457916613922,0.6679530028745602,0.644729178800233
2025_01_LV_NE,0.0,0.528511390629608,0.6108956798220816,0.5829926410466066
2025_01_ARI_NO,0.0,0.42926129979752425,0.3005601764275674,0.299837925445705
2025_01_PIT_NYJ,0.0,0.5228703847845275,0.3915130645127487,0.41700735895339325
2025_01_NYG_WAS,1.0,0.7509270218938201,0.6873485942803952,0.7179705215419501
2025_01_TEN_DEN,1.0,0.8166804440305239,0.7540650332376702,0.7867435158501441
2025_01_SF_SEA,0.0,0.4931860429047158,0.4183999312542007,0.44855888528345106
2025_01_DET_GB,1.0,0.5011946188795728,0.5779713777265546,0.5217391304347826
2025_01_HOU_LA,1.0,0.6072366748064174,0.6307741089636147,0.5996387718242023
2025_01_BAL_BUF,1.0,0.4243394946807151,0.4756560166171331,0.4572564612326044
2025_01_MIN_CHI,0.0,0.42945813679858147,0.4743694882444892,0.4956702459300312
2025_02_WAS_GB,1.0,0.6791521693339757,0.6125868874892128,0.6224665518611737
2025_02_CLE_BAL,1.0,0.8926934793407155,0.8440560218663311,0.863013698630137
2025_02_JAX_CIN,1.0,0.6747928454661819,0.6137377001653944,0.6309403437815976
2025_02_NYG_DAL,1.0,0.6558004850438099,0.6568585721192306,0.6750312469954812
2025_02_CHI_DET,1.0,0.7684458605967471,0.6823934334415264,0.700162074554295
2025_02_NE_MIA,0.0,0.6534968625911706,0.5397099118272537,0.5324675324675325
2025_02_SF_NO,0.0,0.3488065060344864,0.434482065226114,0.4003612281757977
2025_02_BUF_NYJ,0.0,0.33811081063618387,0.3214945707078133,0.28644876973925815
2025_02_SEA_PIT,0.0,0.5617712251775142,0.6416188535974594,0.6309403437815976
2025_02_LA_TEN,0.0,0.40742851859199214,0.3234801875670026,0.3146067415730337
2025_02_CAR_ARI,1.0,0.7741534336835489,0.7162203327945729,0.725752508361204
2025_02_DEN_IND,1.0,0.412265920174785,0.4382841127450128,0.4572564612326044
2025_02_PHI_KC,0.0,0.4595584467658961,0.46686254894281043,0.47391341473828025
2025_02_ATL_MIN,0.0,0.6733000629639196,0.6141300901992237,0.6164383561643836
2025_02_TB_HOU,0.0,0.4409758459297801,0.631613935615092,0.551441114716549
2025_02_LAC_LV,0.0,0.384239716712231,0.4054554457477375,0.36309581830587784
2025_03_MIA_BUF,1.0,0.8124268432571401,0.864103530591784,0.8524590163934427
2025_03_ATL_CAR,1.0,0.3495985851298563,0.3371348770697715,0.33635187580853815
2025_03_GB_CLE,1.0,0.22326402321821082,0.26328741404798783,0.20863836017569548
2025_03_HOU_JAX,1.0,0.5361941680643981,0.5694420725223475,0.5324675324675325
2025_03_CIN_MIN,1.0,0.5858670160987054,0.6166189321928006,0.593369754159424
2025_03_PIT_NE,0.0,0.5169560287193476,0.4527058828506072,0.4782608695652174
2025_03_LA_PHI,1.0,0.671752113954235,0.6145360889087947,0.6369041816941222
2025_03_NYJ_TB,1.0,0.7493579008490843,0.7055841859954894,0.7440690150970525
2025_03_IND_TEN,0.0,0.3999293118920607,0.30707713636613687,0.3194444444444444
2025_03_LV_WAS,1.0,0.7122669478231185,0.5638377528124294,0.5829926410466066
2025_03_DEN_LAC,1.0,0.5776258756433308,0.5990463478815331,0.5829926410466066
2025_03_NO_SEA,1.0,0.6545218380295295,0.7613070281301,0.7571884984025559
2025_03_DAL_CHI,1.0,0.5978339019374883,0.4326460841107117,0.4675324675324676
2025_03_ARI_SF,1.0,0.6548370899079906,0.539352692501262,0.5324675324675325
2025_03_KC_NYG,0.0,0.34585542830792937,0.31962582895916214,0.26645768025078376
2025_03_DET_BAL,0.0,0.6207553005365891,0.6653359874784006,0.6805555555555556
2025_04_SEA_ARI,0.0,0.5750472155281321,0.43834925806805225,0.4675324675324676
2025_04_MIN_PIT,1.0,0.37228722476670595,0.44846082527053543,0.4279403644395361
2025_04_WAS_ATL,1.0,0.4809656468319533,0.6221688653400554,0.5634920634920635
2025_04_NO_BUF,1.0,0.8251406473811955,0.91815126694123,0.8933823529411764
2025_04_CLE_DET,1.0,0.895722706620105,0.7740871942946099,0.8118668596237336
2025_04_TEN_HOU,1.0,0.7233297645381438,0.7460726123067488,0.7819063004846527
2025_04_CAR_NE,1.0,0.5794693555655626,0.7107105930635512,0.6957699520733487
2025_04_LAC_NYG,1.0,0.26900173309958597,0.339273101542099,0.2904564315352697
2025_04_PHI_TB,0.0,0.5302877490187243,0.3703412961005861,0.37753344813882633
2025_04_IND_LA,1.0,0.6004017713305685,0.6324298695000556,0.6224665518611737
2025_04_JAX_SF,0.0,0.7122325343348896,0.6035890379997808,0.6164383561643836
2025_04_BAL_KC,1.0,0.38707341616145574,0.44465820300865555,0.4279403644395361
2025_04_CHI_LV,0.0,0.4479375790081592,0.5908964160351111,0.5324675324675325
2025_04_NYJ_MIA,1.0,0.5698940773219625,0.600932612173785,0.5720596355604638
2025_04_CIN_DEN,1.0,0.7481518708198298,0.7400123634334935,0.7913616398243044
2025_05_SF_LA,0.0,0.5762738981540771,0.8059952663816726,0.7819063004846527
2025_05_MIN_CLE,0.0,0.3644406395830381,0.4104784592471967,0.36309581830587784
2025_05_HOU_BAL,0.0,0.7552639863602297,0.35147466485501644,0.4279403644395361
2025_05_MIA_CAR,1.0,0.4636653586254753,0.46584459868368067,0.4782608695652174
2025_05_LV_IND,1.0,0.6823839159580054,0.7390876876970207,0.7508125677139762
2025_05_NYG_NO,1.0,0.6040618357705685,0.5525529203728179,0.5217391304347826
2025_05_DAL_NYJ,0.0,0.6008352450988612,0.5533719137455477,0.5108342361863489
2025_05_DEN_PHI,0.0,0.6046801954470843,0.6313946121212155,0.6574752261956053
2025_05_TEN_ARI,0.0,0.7846583424152831,0.7303382141158599,0.7768331562167907
2025_05_TB_SEA,0.0,0.47874493210521596,0.6607381022679595,0.6164383561643836
2025_05_DET_CIN,0.0,0.2068158862143641,0.2052154304877074,0.18274111675126903
2025_05_WAS_LAC,0.0,0.6296343525475956,0.5860668789822789,0.5829926410466066
2025_05_NE_BUF,0.0,0.8165083740085541,0.7209217089929782,0.7659021045164341
2025_05_KC_JAX,1.0,0.4073202346136282,0.39971413333027894,0.36309581830587784
2025_06_PHI_NYG,1.0,0.23920516665051306,0.31088926509223946,0.23409789548356588
2025_06_DEN_NYJ,0.0,0.3163862888023028,0.27375614086503586,0.23409789548356588
2025_06_LA_BAL,0.0,0.6035021466622469,0.23153051597624652,0.2522172949002217
2025_06_DAL_CAR,1.0,0.47458023131834004,0.4030776298625395,0.3907637655417407
2025_06_ARI_IND,1.0,0.6382099976870235,0.7948295502730358,0.7913616398243044
2025_06_SEA_JAX,0.0,0.5078212870890118,0.45495355987327724,0.4891657638136511
2025_06_LAC_MIA,0.0,0.4330086386372709,0.39344163004403065,0.35527082119976705
2025_06_NE_NO,0.0,0.5519455922148633,0.3652484788369388,0.3690596562184024
2025_06_CLE_PIT,1.0,0.6335797426033782,0.6986763151840499,0.705033164260632
2025_06_TEN_LV,1.0,0.600779383797885,0.6323386558303128,0.6224665518611737
2025_06_CIN_GB,1.0,0.8235841500896421,0.8927636389860654,0.8720930232558138
2025_06_SF_TB,1.0,0.6060965731164609,0.6310510111679455,0.6309403437815976
2025_06_DET_KC,1.0,0.40885846289970473,0.6392408751200717,0.5634920634920635
2025_06_BUF_ATL,1.0,0.39353116265680765,0.40313063129962967,0.35527082119976705
2025_06_CHI_WAS,0.0,0.6463907396266435,0.6957159307062047,0.690792883054068
2025_07_PIT_CIN,1.0,0.48417864297433155,0.30637739439194966,0.3194444444444444
2025_07_LA_JAX,0.0,0.4398264089480589,0.4115001324881923,0.4003612281757977
2025_07_NO_CHI,1.0,0.6696886629208839,0.6533902913479264,0.6636481241914618
2025_07_MIA_CLE,1.0,0.49038163971689785,0.6199442108070334,0.5720596355604638
2025_07_LV_KC,1.0,0.7944194934963423,0.8881900144873796,0.8677165354330708
2025_07_PHI_MIN,0.0,0.5273743102932011,0.41012623618330446,0.4279403644395361
2025_07_CAR_NYJ,0.0,0.5816026094226241,0.5582148192068515,0.5043297540699689
2025_07_NE_TEN,0.0,0.4287924814933334,0.28316913900329177,0.28644876973925815
2025_07_NYG_DEN,1.0,0.801520704836687,0.7254860979916735,0.7768331562167907
2025_07_IND_LAC,0.0,0.5361184683201259,0.6090782602501235,0.551441114716549
2025_07_GB_ARI,0.0,0.40110520345436884,0.27198447477177623,0.23409789548356588
2025_07_WAS_DAL,1.0,0.4435782879414608,0.5919571073474217,0.5324675324675325
2025_07_ATL_SF,1.0,0.5842333455559038,0.5575560502396256,0.5108342361863489
2025_07_TB_DET,1.0,0.6474262663960938,0.713073677129542,0.705033164260632
2025_07_HOU_SEA,1.0,0.5218495036961894,0.631849311029326,0.5996387718242023
2025_08_MIN_LAC,1.0,0.5168208317620308,0.6330265180537451,0.6037569709421778
2025_08_MIA_ATL,0.0,0.6981480451455777,0.7354781136752223,0.7477827050997783
2025_08_CHI_BAL,1.0,0.5944207685771977,0.5949147611290251,0.5720596355604638
2025_08_BUF_CAR,0.0,0.3312961164417886,0.2874646103521341,0.23409789548356588
2025_08_NYJ_CIN,0.0,0.6173146460618877,0.7023676881938402,0.690792883054068
2025_08_SF_HOU,1.0,0.5734043826839135,0.6000773763499232,0.5829926410466066
2025_08_CLE_NE,1.0,0.6366773778913883,0.7490270408861763,0.76
2025_08_NYG_PHI,1.0,0.7681335863243368,0.7178857429332777,0.76
2025_08_TB_NO,0.0,0.326766831758066,0.38097709318588224,0.3425247738043946
2025_08_DAL_DEN,1.0,0.6937107812867431,0.6086874812485581,0.6309403437815976
2025_08_TEN_IND,1.0,0.8317962657901099,0.9171674426941459,0.908256880733945
2025_08_GB_PIT,0.0,0.3709973353159528,0.4287079522373384,0.41700735895339325
2025_08_WAS_KC,1.0,0.7177535883675368,0.8344837352269606,0.84
2025_09_BAL_MIA,0.0,0.40441205149615533,0.2546603413836137,0.2132564841498559
2025_09_CHI_CIN,0.0,0.43210008854278215,0.41339131455449407,0.4066302458405761
2025_09_MIN_DET,0.0,0.8146502197231116,0.7855692908834992,0.8118668596237336
2025_09_CAR_GB,0.0,0.8500768881608679,0.8558438954472919,0.8720930232558138
2025_09_DEN_HOU,0.0,0.534821610848351,0.5697780553063923,0.5324675324675325
2025_09_ATL_NE,1.0,0.6360659560163445,0.6981056154626586,0.6853932584269663
2025_09_SF_NYG,0.0,0.43858696153372545,0.4317379142692368,0.4279403644395361
2025_09_IND_PIT,1.0,0.39253782799693226,0.403378263000868,0.37753344813882633
2025_09_LAC_TEN,0.0,0.27553798620001735,0.20412205345515466,0.16835016835016833
2025_09_NO_LA,1.0,0.7937985197961175,0.8976825170545035,0.8869565217391304
2025_09_JAX_LV,0.0,0.4317297081773659,0.43343390518651903,0.4572564612326044
2025_09_KC_BUF,1.0,0.5345388578610302,0.4083931785698608,0.44855888528345106
2025_09_SEA_WAS,0.0,0.4933131829305335,0.41836910875472544,0.4279403644395361
2025_09_ARI_DAL,0.0,0.5347147847589775,0.6479190842236151,0.6092362344582594
2025_10_LV_DEN,1.0,0.8142739431184136,0.7856709169701034,0.7999999999999999
2025_10_ATL_IND,1.0,0.6887610180680415,0.7207694637184308,0.725752508361204
2025_10_NO_CAR,0.0,0.5886311434010352,0.7087189252317614,0.6805555555555556
2025_10_NYG_CHI,1.0,0.6912888012001344,0.6478498610951706,0.6574752261956053
2025_10_JAX_HOU,1.0,0.6934480425605849,0.4076878166873463,0.4891657638136511
2025_10_BUF_MIA,1.0,0.28432372828967,0.24806984963265677,0.2132564841498559
2025_10_BAL_MIN,0.0,0.4390736200709727,0.35342510709253516,0.33099297893681046
2025_10_CLE_NYJ,1.0,0.5815932141642469,0.43671683635439806,0.4572564612326044
2025_10_NE_TB,0.0,0.6839526564202031,0.5717459170838022,0.5720596355604638
2025_10_ARI_SEA,1.0,0.6410308927902534,0.7481096889502695,0.7408716136631331
2025_10_LA_SF,0.0,0.43537596057206307,0.31715033708102813,0.30920711694593195
2025_10_DET_WAS,0.0,0.27974982646923685,0.249132018585275,0.2132564841498559
2025_10_PIT_LAC,1.0,0.6664767393423239,0.5963095171837762,0.593369754159424
2025_10_PHI_GB,0.0,0.5672328283798755,0.5617950439552416,0.5
2025_11_NYJ_NE,1.0,0.7245787145284234,0.8791681759144006,0.8677165354330708
2025_11_WAS_MIA,1.0,0.5917592761128441,0.5955728614575474,0.5720596355604638
2025_11_CAR_ATL,0.0,0.6854451193593017,0.6493676712702834,0.6574752261956053
2025_11_TB_BUF,1.0,0.5918839445871591,0.7252575697815571,0.7095435684647302
2025_11_LAC_JAX,1.0,0.4402474734437606,0.41139729431904626,0.41700735895339325
2025_11_CHI_MIN,0.0,0.5429926333932721,0.6268750976013855,0.5720596355604638
2025_11_GB_NYG,0.0,0.336876167383487,0.26909199557999586,0.21809369951534735
2025_11_CIN_PIT,1.0,0.6389967856220584,0.6974305376907577,0.6853932584269663
2025_11_HOU_TEN,0.0,0.23380584391520465,0.3683895813838407,0.30423004792665137
2025_11_SF_ARI,0.0,0.5245729468321625,0.3716848184956184,0.3690596562184024
2025_11_SEA_LA,1.0,0.6420357804856665,0.6026535305392506,0.6092362344582594
2025_11_BAL_CLE,0.0,0.32833091692783223,0.2710179144518796,0.21809369951534735
2025_11_KC_DEN,1.0,0.5071579516774266,0.3757824018376611,0.3425247738043946
2025_11_DET_PHI,1.0,0.47341715343303203,0.6239511300444665,0.5829926410466066
2025_11_DAL_LV,0.0,0.49423561900471114,0.37882949296071344,0.36309581830587784
2025_12_BUF_HOU,1.0,0.5163966789382539,0.29939340920689383,0.30920711694593195
2025_12_NYJ_BAL,1.0,0.8083974156816882,0.8953511684016073,0.8761776581426649
2025_12_PIT_CHI,1.0,0.6209948542976643,0.6079730462830786,0.5829926410466066
2025_12_NE_CIN,0.0,0.36172728824777256,0.2636315485343076,0.23409789548356588
2025_12_NYG_DET,1.0,0.8269522676454047,0.8921645628515507,0.8761776581426649
2025_12_MIN_GB,1.0,0.7045200600887593,0.7170030208580473,0.7135512302607419
2025_12_IND_KC,1.0,0.634792813576394,0.6239858403997915,0.6574752261956053
2025_12_SEA_TEN,0.0,0.2617261939157274,0.14199294795490958,0.1322834645669291
2025_12_JAX_ARI,0.0,0.5456056096154441,0.40571421186848655,0.44855888528345106
2025_12_CLE_LV,0.0,0.5099147911229924,0.6346401962209025,0.593369754159424
2025_12_PHI_DAL,1.0,0.3418600869021461,0.43631925598868293,0.4066302458405761
2025_12_ATL_NO,0.0,0.5290121089612418,0.5711985041463423,0.5260865852617197
2025_12_TB_LA,1.0,0.656532575988926,0.7447961518273951,0.7571884984025559
2025_12_CAR_SF,1.0,0.7497362128480098,0.7396127000493677,0.7659021045164341
2025_13_GB_DET,0.0,0.6000814055678884,0.5935105399605443,0.5829926410466066
2025_13_KC_DAL,1.0,0.3677535402787284,0.40963093744640466,0.37753344813882633
2025_13_CIN_BAL,0.0,0.8104398017996326,0.7054788210663032,0.7571884984025559
2025_13_CHI_PHI,0.0,0.7058459400378833,0.733675642624244,0.7408716136631331
2025_13_LA_CAR,1.0,0.20080300841936882,0.22156476670789882,0.18274111675126903
2025_13_SF_CLE,0.0,0.41995754375301386,0.3206248353954726,0.3146067415730337
2025_13_HOU_IND,0.0,0.5566746195626442,0.623630378597939,0.6037569709421778
2025_13_NO_MIA,1.0,0.6371190176981474,0.6978633479366763,0.6853932584269663
2025_13_ATL_NYJ,1.0,0.4839328978880344,0.4008291654634414,0.4003612281757977
2025_13_ARI_TB,1.0,0.6262788693484647,0.6640231752205763,0.6369041816941222
2025_13_JAX_TEN,0.0,0.36366417214703395,0.3154027413899907,0.299837925445705
2025_13_MIN_SEA,1.0,0.7092056274897786,0.8814144990147069,0.863013698630137
2025_13_LV_LAC,1.0,0.7571880763236138,0.8135603941348359,0.8223350253807106
2025_13_BUF_PIT,0.0,0.39745956046059416,0.4219845522092033,0.4003612281757977
2025_13_DEN_WAS,0.0,0.3844460377721518,0.29283069277804863,0.27424749163879597
2025_13_NYG_NE,1.0,0.6610239817314736,0.7438215388401044,0.7571884984025559
2025_14_DAL_DET,1.0,0.7320339273518656,0.5979427355186031,0.6309403437815976
2025_14_SEA_ATL,0.0,0.397611933628361,0.27272822890367987,0.2522172949002217
2025_14_PIT_BAL,0.0,0.6641438614563646,0.6915269425046077,0.700162074554295
2025_14_TEN_CLE,0.0,0.6470924018309245,0.6589996629259868,0.644729178800233
2025_14_CHI_GB,1.0,0.6989893884651522,0.7183376741610876,0.7220792588780237
2025_14_IND_JAX,1.0,0.49083756322909156,0.41896939551583534,0.44855888528345106
2025_14_WAS_MIN,1.0,0.5419406056293852,0.4465514870942431,0.4891657638136511
2025_14_MIA_NYJ,0.0,0.46789062673416415,0.4245495000510523,0.4279403644395361
2025_14_NO_TB,0.0,0.7243605175170971,0.7458279961822283,0.7768331562167907
2025_14_DEN_LV,0.0,0.2596421363429875,0.2539362475820719,0.20863836017569548
2025_14_LA_ARI,0.0,0.36643811650352853,0.20069875731121178,0.19999999999999998
2025_14_CIN_BUF,1.0,0.8108286959775588,0.6692895870700832,0.7095435684647302
2025_14_HOU_KC,0.0,0.5682620079187015,0.6774654237654495,0.6574752261956053
2025_14_PHI_LAC,1.0,0.4690046483646251,0.46452294020619034,0.4782608695652174
2025_15_ATL_TB,0.0,0.6614523974668876,0.709856606922623,0.705033164260632
2025_15_CLE_CHI,1.0,0.7165614755778563,0.7476649081868553,0.7571884984025559
2025_15_BAL_CIN,0.0,0.4152297037065227,0.4375417817122098,0.4066302458405761
2025_15_ARI_HOU,1.0,0.7265010643421834,0.8328723111847298,0.827123695976155
2025_15_NYJ_JAX,1.0,0.7895548523558973,0.8889875423235454,0.8761776581426649
2025_15_LAC_KC,0.0,0.6207416901990933,0.7015957773832725,0.690792883054068
2025_15_BUF_NE,0.0,0.46365637766696477,0.42558313880690524,0.43650793650793646
2025_15_WAS_NYG,0.0,0.5862742486622502,0.5969250179790322,0.5720596355604638
2025_15_LV_PHI,1.0,0.842830749933985,0.8575571979465755,0.8720930232558138
2025_15_GB_DEN,1.0,0.48373375558429477,0.46088546561361476,0.47391341473828025
2025_15_DET_LA,1.0,0.6266578312069262,0.7002559879076538,0.6805555555555556
2025_15_CAR_NO,1.0,0.5986465753879229,0.3927810214627291,0.4279403644395361
2025_15_IND_SEA,1.0,0.651441407998152,0.9072612883252593,0.8720930232558138
2025_15_TEN_SF,1.0,0.7818693706841866,0.8698686595365261,0.863013698630137
2025_15_MIN_DAL,0.0,0.5192380485494956,0.7234660256767458,0.6957699520733487
2025_15_MIA_PIT,1.0,0.5536948840880953,0.6243390139439675,0.6092362344582594
2025_16_LA_SEA,1.0,0.49686899779904015,0.5790215855841087,0.5260865852617197
2025_16_GB_CHI,1.0,0.47260761104701576,0.584906493677262,0.5173641257162701
2025_16_PHI_WAS,0.0,0.30921138337535026,0.2926986829437661,0.24
2025_16_NE_BAL,0.0,0.583391194181736,0.6365090476325779,0.6224665518611737
2025_16_TB_CAR,1.0,0.4413035364976311,0.41113946716739425,0.41700735895339325
2025_16_BUF_CLE,0.0,0.2788317221707536,0.18932664802047627,0.18274111675126903
2025_16_LAC_DAL,0.0,0.4436198375656879,0.5919469931360581,0.5260865852617197
2025_16_NYJ_NO,1.0,0.682593320517142,0.7222141351196808,0.7179705215419501
2025_16_MIN_NYG,0.0,0.47951514113962623,0.4217186792631119,0.4279403644395361
2025_16_KC_TEN,1.0,0.2828057870569193,0.43255046900509553,0.37753344813882633
2025_16_ATL_ARI,0.0,0.5869987567376521,0.3956408283419617,0.4279403644395361
2025_16_JAX_DEN,0.0,0.5947923496469525,0.6337813489104989,0.6092362344582594
2025_16_PIT_DET,0.0,0.7182275716250734,0.7472751551832766,0.7768331562167907
2025_16_LV_HOU,1.0,0.874014382190327,0.8922759804532389,0.9039548022598869
2025_16_CIN_MIA,0.0,0.660147396074074,0.3393062592527345,0.35527082119976705
2025_16_SF_IND,0.0,0.6133985927140031,0.31369483358925143,0.33635187580853815
2025_17_DAL_WAS,0.0,0.519496294723902,0.20219099799984752,0.19999999999999998
2025_17_DET_MIN,1.0,0.43101395351649263,0.2657193974711941,0.2491874322860238
2025_17_DEN_KC,0.0,0.52478920067229,0.08903960884796147,0.12
2025_17_SEA_CAR,0.0,0.3104223208808541,0.31015544483401525,0.27792074112197634
2025_17_ARI_CIN,1.0,0.5062136720354651,0.7746148682210374,0.7440690150970525
2025_17_PIT_CLE,1.0,0.39777936264430935,0.36320726415785864,0.35527082119976705
2025_17_BAL_GB,0.0,0.6481921535408722,0.5812797342078779,0.5634920634920635
2025_17_JAX_IND,0.0,0.5114362641458635,0.37477503527991374,0.33635187580853815
2025_17_HOU_LAC,0.0,0.5303111625884926,0.5708811009530529,0.5173641257162701
2025_17_NYG_LV,0.0,0.47108687167122953,0.40391909032912365,0.4066302458405761
2025_17_TB_MIA,1.0,0.4861674367495762,0.3059440174805854,0.3146067415730337
2025_17_NE_NYJ,0.0,0.2715536467394597,0.14033526693542653,0.1322834645669291
2025_17_NO_TEN,0.0,0.4927954898135559,0.45865223808448885,0.4782608695652174
2025_17_PHI_BUF,0.0,0.5212116530123779,0.6319987412767218,0.6037569709421778
2025_17_CHI_SF,1.0,0.5511889606300833,0.6440940449171976,0.644729178800233
2025_17_LA_ATL,1.0,0.2709696588912852,0.2847472839051205,0.24
2025_18_NO_ATL,1.0,0.5916146968581725,0.6721397250334732,0.644729178800233
2025_18_NYJ_BUF,1.0,0.8747557878608649,0.8494323128236442,0.8524590163934427
2025_18_DET_CHI,0.0,0.5380072953305424,0.6471571122408267,0.6164383561643836
2025_18_CLE_CIN,0.0,0.6311332650459939,0.8237809223021809,0.7867435158501441
2025_18_LAC_DEN,1.0,0.5861059879754635,0.929015694623544,0.9039548022598869
2025_18_IND_HOU,1.0,0.6516873532287403,0.8202312991738311,0.8081570996978852
2025_18_TEN_JAX,1.0,0.794045746629556,0.8676534445853668,0.8465011286681716
2025_18_ARI_LA,1.0,0.810117401132191,0.9040351267942413,0.8933823529411764
2025_18_KC_LV,1.0,0.3103638151326791,0.42480362241533265,0.33635187580853815
2025_18_GB_MIN,1.0,0.4861092448080129,0.9077706137112057,0.8316498316498315
2025_18_MIA_NE,1.0,0.7204968886779809,0.9077008044223905,0.8720930232558138
2025_18_DAL_NYG,1.0,0.5808323904784158,0.37763771916004585,0.4003612281757977
2025_18_WAS_PHI,0.0,0.8122287508529724,0.5520804636081926,0.6164383561643836
2025_18_BAL_PIT,1.0,0.4855309057070597,0.3427135538538264,0.33635187580853815
2025_18_SEA_SF,0.0,0.47399245432107895,0.4230624005837169,0.4279403644395361
2025_18_CAR_TB,1.0,0.667752771178549,0.5959728053562275,0.5829926410466066
2026_01_NE_SEA,1.0,0.5818330517804919,0.617596038498947,0.5996387718242023
2026_01_SF_LA,0.0,0.7172825765691327,0.6021694404305765,0.6574752261956053
2026_01_CHI_CAR,0.0,0.36852095002337126,0.4293456566901005,0.4003612281757977
2026_01_TB_CIN,1.0,0.5315220017160691,0.6486568849497176,0.644729178800233
2026_01_NO_DET,1.0,0.7161833336898843,0.731210401183765,0.7335423197492164
2026_01_BUF_HOU,0.0,0.5192787371298246,0.45213429802581495,0.4956702459300312
2026_01_BAL_IND,0.0,0.481222901567951,0.4014800648180492,0.4066302458405761
2026_01_CLE_JAX,1.0,0.7676822971497483,0.767247710187686,0.7913616398243044
2026_01_ATL_PIT,1.0,0.617571908338764,0.7366240061133869,0.7179705215419501
2026_01_NYJ_TEN,0.0,0.6384126068399569,0.5436943004919936,0.5173641257162701
2026_01_ARI_LAC,0.0,0.6965926023813553,0.7833168639003969,0.7867435158501441
2026_01_MIA_LV,1.0,0.45963857019196397,0.646323982095869,0.6037569709421778
2026_01_GB_MIN,1.0,0.5328430075214057,0.5702621234015207,0.5324675324675325
2026_01_WAS_PHI,1.0,0.7767447956032906,0.6799616397404848,0.6805555555555556
2026_01_DAL_NYG,1.0,0.6153724570415687,0.36926240140609146,0.4003612281757977
2026_01_DEN_KC,1.0,0.45779176066314253,0.627639866275561,0.5427435387673957
2026_02_DET_BUF,1.0,0.6158360058556591,0.702699815245775,0.6750312469954812
