game_id,season,week,home_team,away_team,rating_diff,result,spread_line,model_spread,blend_spread
2023_01_DET_KC,2023,1,KC,DET,0.1559862077698268,-1.0,4.0,7.687717474589488,4.111341374051794
2023_01_CAR_ATL,2023,1,ATL,CAR,-0.05423347594011398,14.0,3.5,0.1781840869349558,5.292915483723597
2023_01_HOU_BAL,2023,1,BAL,HOU,0.22023362178795888,16.0,9.5,9.982783722074341,10.998279827055871
2023_01_CIN_CLE,2023,1,CLE,CIN,-0.11724639308084928,21.0,-1.0,-2.072783076419614,-0.24945367042661704
2023_01_JAX_IND,2023,1,IND,JAX,-0.21298627058266512,-10.0,-4.0,-5.492832968711612,-3.4691325613936157
2023_01_TB_MIN,2023,1,MIN,TB,-0.037908032283236234,-3.0,4.0,0.7613666987913881,5.826266750734575
2023_01_TEN_NO,2023,1,NO,TEN,0.10240228736326545,1.0,3.0,5.773575885975408,3.2297840493561623
2023_01_SF_PIT,2023,1,PIT,SF,-0.15699917428167803,-23.0,-1.5,-3.492844378060857,-0.5755984951459636
2023_01_ARI_WAS,2023,1,WAS,ARI,0.10978239165713627,4.0,7.0,6.037210283198006,8.586461593100458
2023_01_GB_CHI,2023,1,CHI,GB,-0.15221854267454604,-18.0,1.0,-3.322069158375106,2.7708384821405643
2023_01_LV_DEN,2023,1,DEN,LV,-0.019843482609217054,-1.0,3.0,1.406674200524519,4.3110042705476905
2023_01_MIA_LAC,2023,1,LAC,MIA,-0.05137980128178962,-2.0,3.0,0.2801239469233241,4.589931757841532
2023_01_PHI_NE,2023,1,NE,PHI,-0.07080276766077309,-5.0,-3.5,-0.41370934183530883,-4.048950925592672
2023_01_LA_SEA,2023,1,SEA,LA,0.04923079719714765,-17.0,4.5,3.8741672595941257,5.733298884571072
2023_01_DAL_NYG,2023,1,NYG,DAL,-0.091932104907978,-40.0,-3.5,-1.1684981452274363,-3.862069476057071
2023_01_BUF_NYJ,2023,1,NYJ,BUF,-0.18343227877011198,6.0,-2.5,-4.437096016119377,-1.697295099909415
2023_02_MIN_PHI,2023,2,PHI,MIN,0.13567870424683826,6.0,6.0,6.962286472913106,7.001929964100324
2023_02_GB_ATL,2023,2,ATL,GB,-0.04164559895582179,1.0,3.0,0.6278521714120529,4.503836211186828
2023_02_LV_BUF,2023,2,BUF,LV,0.17185658195223363,28.0,7.5,8.254643952139501,8.715181518098166
2023_02_BAL_CIN,2023,2,CIN,BAL,0.07117518109555093,-3.0,3.5,4.658071414753766,4.183720654896748
2023_02_SEA_DET,2023,2,DET,SEA,0.14843455967149072,-6.0,4.5,7.417955135851885,4.855876998892038
2023_02_IND_HOU,2023,2,HOU,IND,-0.025822747726089917,-11.0,-1.0,1.1930810191612098,-1.0580631959329772
2023_02_KC_JAX,2023,2,JAX,KC,-0.09856373421383495,-8.0,-3.5,-1.4053952844867421,-3.803415080845254
2023_02_CHI_TB,2023,2,TB,CHI,0.1843708044794867,10.0,2.5,8.701680929031792,1.8270577681192965
2023_02_LAC_TEN,2023,2,TEN,LAC,-0.06731926895292578,3.0,-2.5,-0.28927070987292147,-2.7242732455418737
2023_02_NYG_ARI,2023,2,ARI,NYG,-0.02033452755305691,-3.0,-5.0,1.3891329392328675,-6.528556478492628
2023_02_SF_LA,2023,2,LA,SF,-0.26390491956666406,-7.0,-7.5,-7.311764896737913,-7.762983219162557
2023_02_NYJ_DAL,2023,2,DAL,NYJ,0.1440898025329551,20.0,8.5,7.2627503604603385,10.316256758870402
2023_02_WAS_DEN,2023,2,DEN,WAS,-0.10983752484488722,-2.0,4.0,-1.808121164648032,6.462457449809144
2023_02_MIA_NE,2023,2,NE,MIA,-0.03815142182888368,-7.0,-2.0,0.7526722612059549,-2.304508455351515
2023_02_NO_CAR,2023,2,CAR,NO,-0.0879702500834462,-3.0,-3.0,-1.026971526231506,-3.2193666768414246
2023_02_CLE_PIT,2023,2,PIT,CLE,-0.06922594365074634,4.0,-2.5,-0.3573815406476255,-2.707409388093212
2023_03_NYG_SF,2023,3,SF,NYG,0.29672732295594273,18.0,10.5,12.715315674975763,11.677208314550096
2023_03_IND_BAL,2023,3,BAL,IND,0.2064553446011561,-3.0,7.5,9.490591788699449,8.409167806436471
2023_03_TEN_CLE,2023,3,CLE,TEN,0.14649250607744657,24.0,3.5,7.34858048906471,3.517565786758485
2023_03_ATL_DET,2023,3,DET,ATL,0.02364205517119264,14.0,3.0,2.9600782018961427,3.926390203425771
2023_03_NO_GB,2023,3,GB,NO,-0.07041037034431959,1.0,-1.5,-0.3996920019881065,-1.3414455732651884
2023_03_HOU_JAX,2023,3,JAX,HOU,0.194566569437682,-20.0,7.5,9.06589723844214,8.514319781141538
2023_03_DEN_MIA,2023,3,MIA,DEN,0.1744962844301782,50.0,6.0,8.348940230878796,6.658602316514658
2023_03_LAC_MIN,2023,3,MIN,LAC,-0.028222730680153227,-4.0,1.0,1.1073480763402712,1.6741397636362023
2023_03_NE_NYJ,2023,3,NYJ,NE,-0.0660622419736268,-5.0,-2.5,-0.24436679838548425,-2.735391200698173
2023_03_BUF_WAS,2023,3,WAS,BUF,-0.1407895871202091,-34.0,-5.5,-2.913800428222628,-6.140918443604333
2023_03_CAR_SEA,2023,3,SEA,CAR,0.03387281103037321,10.0,5.0,3.3255444672315315,6.546878784521634
2023_03_DAL_ARI,2023,3,ARI,DAL,-0.2578182636471467,12.0,-11.5,-7.094335467484998,-13.238769452393043
2023_03_CHI_KC,2023,3,KC,CHI,0.39537741758055917,31.0,13.0,16.23932525488269,14.193403381709668
2023_03_PIT_LV,2023,3,LV,PIT,-0.08967745886914644,-5.0,3.0,-1.0879569732156358,4.928660875561027
2023_03_PHI_TB,2023,3,TB,PHI,-0.06990106130926067,-14.0,-6.0,-0.3814983051091487,-7.445646154808191
2023_03_LA_CIN,2023,3,CIN,LA,0.05164376516534903,3.0,3.0,3.960364057157342,3.6787250688330735
2023_04_DET_GB,2023,4,GB,DET,-0.05868289648743888,-14.0,-2.5,0.019240492471387594,-2.800658878758697
2023_04_ATL_JAX,2023,4,JAX,ATL,-0.00903021466800144,16.0,3.5,1.7929491449120085,4.89310876515809
2023_04_MIA_BUF,2023,4,BUF,MIA,0.033295772345784014,28.0,2.5,3.3049313105973988,3.1632625275714092
2023_04_MIN_CAR,2023,4,CAR,MIN,-0.04028525607557597,-8.0,-4.5,0.676446765874289,-5.674355410980426
2023_04_DEN_CHI,2023,4,CHI,DEN,-0.04749152781811383,-3.0,-3.0,0.4190220694991964,-3.5773865334886112
2023_04_BAL_CLE,2023,4,CLE,BAL,0.07363446580035476,-25.0,-2.0,4.745922753289479,-3.293214749039904
2023_04_PIT_HOU,2023,4,HOU,PIT,-0.18485512755569863,24.0,-3.0,-4.487923466110643,-2.362454501686056
2023_04_LA_IND,2023,4,IND,LA,-0.15349793159196817,-6.0,-1.0,-3.3677718900205083,0.07117825406736089
2023_04_TB_NO,2023,4,NO,TB,0.028455869939657923,-17.0,4.0,3.132038800864854,5.239301712543704
2023_04_WAS_PHI,2023,4,PHI,WAS,0.18027188436480313,3.0,9.5,8.555258020808715,11.35172713722119
2023_04_CIN_TEN,2023,4,TEN,CIN,-0.17610339515040524,24.0,-2.5,-4.17529133986289,-1.762116460764437
2023_04_LV_LAC,2023,4,LAC,LV,0.11373799077123031,7.0,7.0,6.178513433746231,8.55147573019454
2023_04_NE_DAL,2023,4,DAL,NE,0.05198310609388726,35.0,6.5,3.972486100096821,8.419931660928002
2023_04_ARI_SF,2023,4,SF,ARI,0.3077214066596462,19.0,15.0,13.108049776666952,17.679665491439856
2023_04_KC_NYJ,2023,4,NYJ,KC,-0.25226182763331584,-3.0,-9.5,-6.895846719781418,-10.57693817994478
2023_04_SEA_NYG,2023,4,NYG,SEA,-0.08047182561600413,-21.0,-2.5,-0.7591104587076991,-2.607943574358251
2023_05_CHI_WAS,2023,5,WAS,CHI,0.20468768167189536,-20.0,6.0,9.42744677986327,6.3915701794426045
2023_05_JAX_BUF,2023,5,BUF,JAX,0.26893498972146856,-5.0,5.5,11.722509241906074,5.145581669918703
2023_05_HOU_ATL,2023,5,ATL,HOU,-0.010731913965481121,2.0,2.5,1.732160509591806,3.5526717050237897
2023_05_CAR_DET,2023,5,DET,CAR,0.18692349392748983,18.0,9.5,8.792868901060817,11.292896023766168
2023_05_TEN_IND,2023,5,IND,TEN,-0.05357064016078036,7.0,-2.5,0.2018621142613879,-2.845874962043556
2023_05_NYG_MIA,2023,5,MIA,NYG,0.2531240243062225,15.0,12.5,11.157704982944917,14.773839901140981
2023_05_NO_NE,2023,5,NE,NO,0.03299046189585122,-34.0,2.5,3.2940249150738774,3.1659628895739775
2023_05_BAL_PIT,2023,5,PIT,BAL,-0.1403569736573574,7.0,-4.5,-2.8983464745970666,-4.789256772040645
2023_05_CIN_ARI,2023,5,ARI,CIN,-0.03721427312144362,-14.0,-3.0,0.7861493808720124,-3.668285184614754
2023_05_PHI_LA,2023,5,LA,PHI,-0.06205179703480218,-9.0,-3.5,-0.1011044281071225,-4.126350138653237
2023_05_NYJ_DEN,2023,5,DEN,NYJ,-0.10495651242125814,-10.0,2.5,-1.6337601099935393,4.386054661399055
2023_05_KC_MIN,2023,5,MIN,KC,-0.21160226538722937,-7.0,-3.5,-5.443393101614522,-2.803629601920506
2023_05_DAL_SF,2023,5,SF,DAL,0.06299709819355384,32.0,3.5,4.365931375744424,4.256052880430689
2023_05_GB_LV,2023,5,LV,GB,-0.05822869148673503,4.0,1.0,0.03546574577512418,1.9395317815985385
2023_06_DEN_KC,2023,6,KC,DEN,0.36506950185651593,11.0,10.5,15.156656396176004,11.072746124944501
2023_06_BAL_TEN,2023,6,TEN,BAL,-0.11306483988376424,-8.0,-5.5,-1.9234083233442014,-6.386133941418416
2023_06_WAS_ATL,2023,6,ATL,WAS,0.04474049004254947,-8.0,1.5,3.713763100938813,1.7065500994338363
2023_06_MIN_CHI,2023,6,CHI,MIN,-0.15803949240322862,-6.0,-3.0,-3.530006947853063,-2.5996292274657
2023_06_SEA_CIN,2023,6,CIN,SEA,-0.03748202355672578,4.0,3.0,0.776584715956596,4.467010872240772
2023_06_SF_CLE,2023,6,CLE,SF,-0.27404580218172986,2.0,-9.5,-7.674020681896441,-10.384266697038102
2023_06_NO_HOU,2023,6,HOU,NO,-0.13049623143870331,7.0,-2.0,-2.546097952426277,-1.4877515606573768
2023_06_IND_JAX,2023,6,JAX,IND,0.11922207797254727,17.0,4.0,6.374417714507696,4.436506985592189
2023_06_CAR_MIA,2023,6,MIA,CAR,0.23885318279720608,21.0,14.0,10.647917512568199,16.933292377756548
2023_06_NE_LV,2023,6,LV,NE,0.008931077357384132,4.0,3.0,2.43456804457772,4.056503553682145
2023_06_ARI_LA,2023,6,LA,ARI,0.10218545788668583,17.0,7.0,5.765830235496507,8.65365376190526
2023_06_PHI_NYJ,2023,6,NYJ,PHI,-0.152979080021502,6.0,-6.5,-3.349237311702767,-7.388594711093796
2023_06_DET_TB,2023,6,TB,DET,-0.04935651036916249,-14.0,-3.0,0.3524005786505222,-3.560891428203438
2023_06_NYG_BUF,2023,6,BUF,NYG,0.339011221209135,5.0,15.5,14.225794332771969,18.08066223681673
2023_06_DAL_LAC,2023,6,LAC,DAL,-0.07644130237636018,-3.0,-1.5,-0.6151308450784332,-1.2881041311266028
2023_07_JAX_NO,2023,7,NO,JAX,0.005222924227488535,-7.0,2.5,2.302104236983427,3.411556853491824
2023_07_DET_BAL,2023,7,BAL,DET,-0.0638925113685958,32.0,3.0,-0.16685900209758797,4.700602214339187
2023_07_LV_CHI,2023,7,CHI,LV,-0.10851625441970264,18.0,-2.5,-1.760922328663983,-2.35990060713615
2023_07_CLE_IND,2023,7,IND,CLE,-0.14595452602829917,-1.0,-3.5,-3.098303993688055,-3.384260435088507
2023_07_BUF_NE,2023,7,NE,BUF,-0.30043081865802373,4.0,-7.5,-8.616554504922902,-7.4399246732213005
2023_07_WAS_NYG,2023,7,NYG,WAS,-0.0016736157331055934,7.0,-3.0,2.0557438763388247,-3.9826296192022346
2023_07_ATL_TB,2023,7,TB,ATL,0.09977504485670195,-3.0,3.0,5.679724706236568,3.2530210719926904
2023_07_PIT_LA,2023,7,LA,PIT,0.06241026463645276,-7.0,3.5,4.344968323606417,4.261243213875799
2023_07_ARI_SEA,2023,7,SEA,ARI,0.15400532709462444,10.0,9.5,7.616955834647546,11.584045465029142
2023_07_GB_DEN,2023,7,DEN,GB,-0.12490636025231414,2.0,1.5,-2.3464148230158193,3.2070159645639555
2023_07_LAC_KC,2023,7,KC,LAC,0.1527284912183174,14.0,5.5,7.571344303536535,6.173386689624111
2023_07_MIA_PHI,2023,7,PHI,MIA,-0.08224592899782436,14.0,3.0,-0.8224855354075209,4.8629316452320674
2023_07_SF_MIN,2023,7,MIN,SF,-0.29369509285015066,5.0,-7.0,-8.375938797812896,-6.821755773205933
2023_08_TB_BUF,2023,8,BUF,TB,0.1921903199695566,6.0,10.0,8.98101211063981,11.924056818143615
2023_08_HOU_CAR,2023,8,CAR,HOU,-0.05216184305521232,2.0,-3.0,0.25218760573768373,-3.5360792614674486
2023_08_LA_DAL,2023,8,DAL,LA,0.09482408120968495,23.0,6.5,5.5028648320697044,8.041018520610834
2023_08_MIN_GB,2023,8,GB,MIN,-0.06765948579814696,-14.0,-1.0,-0.30142404258250766,-0.688032173981184
2023_08_NO_IND,2023,8,IND,NO,-0.08327667379091247,-11.0,-2.0,-0.8593061237617796,-1.9053917013019404
2023_08_NE_MIA,2023,8,MIA,NE,0.19139919139608208,14.0,7.5,8.952751167936501,8.542334109878693
2023_08_NYJ_NYG,2023,8,NYG,NYJ,-0.026484128640912916,-3.0,-3.0,1.1694549629605273,-3.7631894842994633
2023_08_JAX_PIT,2023,8,PIT,JAX,-0.04361736074446843,-10.0,-2.5,0.5574162791919219,-2.933908167401159
2023_08_ATL_TEN,2023,8,TEN,ATL,0.021966895248440817,5.0,-2.5,2.9002376144327777,-3.5139775128459725
2023_08_PHI_WAS,2023,8,WAS,PHI,-0.20444173445244812,-7.0,-7.0,-5.187602372701298,-7.611169884880908
2023_08_CLE_SEA,2023,8,SEA,CLE,0.007134754582454807,4.0,4.0,2.3703992397575737,5.4278793710406354
2023_08_BAL_ARI,2023,8,ARI,BAL,-0.2615901422346031,-7.0,-9.5,-7.229075695834715,-10.494432565404349
2023_08_KC_DEN,2023,8,DEN,KC,-0.34572341533488216,15.0,-7.0,-10.234510830210414,-6.361583823224937
2023_08_CIN_SF,2023,8,SF,CIN,0.212337110475303,-14.0,4.0,9.70070207157485,3.6129377442061803
2023_08_CHI_LAC,2023,8,LAC,CHI,0.15007564421544797,17.0,9.5,7.476578471960673,11.618802108083475
2023_08_LV_DET,2023,8,DET,LV,0.19619106011931314,12.0,7.0,9.123927803403294,7.822207748991409
2023_09_TEN_PIT,2023,9,PIT,TEN,0.02695075318281365,4.0,3.5,3.0782725486358964,4.574869941621695
2023_09_MIA_KC,2023,9,KC,MIA,0.014957953615449465,7.0,1.0,2.64986200603973,1.2922220168233474
2023_09_MIN_ATL,2023,9,ATL,MIN,-0.12663018301014178,-3.0,3.5,-2.407993759516204,5.933238528434377
2023_09_SEA_BAL,2023,9,BAL,SEA,0.08447344818847778,34.0,6.0,5.133116277203816,7.45482218518946
2023_09_ARI_CLE,2023,9,CLE,ARI,0.1409288289199574,27.0,13.0,7.1498330709592555,16.443910367558065
2023_09_LA_GB,2023,9,GB,LA,-0.09329160385261184,17.0,3.5,-1.2170625923573994,5.638370690152286
2023_09_TB_HOU,2023,9,HOU,TB,-0.048195178851885546,2.0,2.5,0.39388602686934804,3.8840209169936837
2023_09_WAS_NE,2023,9,NE,WAS,0.02197491404919713,-3.0,2.5,2.900524064545088,3.263391480207307
2023_09_CHI_NO,2023,9,NO,CHI,0.17662284577446116,7.0,9.0,8.424905921312538,10.706257590019097
2023_09_IND_CAR,2023,9,CAR,IND,-0.04557584905317391,-14.0,-1.5,0.48745454637984187,-1.5610980537530001
2023_09_NYG_LV,2023,9,LV,NYG,-0.06236604648803244,24.0,1.0,-0.11233014550635989,1.9761252104808436
2023_09_DAL_PHI,2023,9,PHI,DAL,-0.05007126587159273,5.0,3.5,0.3268678587130509,5.2561022206393595
2023_09_BUF_CIN,2023,9,CIN,BUF,-0.11783132388904778,6.0,1.5,-2.093678157965333,3.1444397921258345
2023_09_LAC_NYJ,2023,9,NYJ,LAC,-0.06868128387809769,-21.0,-3.0,-0.3379250336477342,-3.389970701109892
2023_10_CAR_CHI,2023,10,CHI,CAR,0.031855102699622634,3.0,3.0,3.2534672582427344,3.853748728245529
2023_10_IND_NE,2023,10,NE,IND,-0.047404886560952916,-4.0,-1.0,0.4221170956257507,-0.8671768779027538
2023_10_CLE_BAL,2023,10,BAL,CLE,0.11318055253790887,-2.0,6.0,6.1586004505716465,7.200918089191317
2023_10_HOU_CIN,2023,10,CIN,HOU,0.11147718127374173,-3.0,5.5,6.097752088733731,6.5382398086543585
2023_10_SF_JAX,2023,10,JAX,SF,-0.11450718586000194,-31.0,-3.0,-1.9749322580869215,-2.9846569476088174
2023_10_NO_MIN,2023,10,MIN,NO,0.0027276311613346066,8.0,-3.0,2.212966596484829,-4.021557077729399
2023_10_GB_PIT,2023,10,PIT,GB,0.04427320729411491,4.0,3.0,3.697070680234355,3.7439150235745307
2023_10_TEN_TB,2023,10,TB,TEN,0.00819092525609769,14.0,2.5,2.4081280993810448,3.3853059433018693
2023_10_ATL_ARI,2023,10,ARI,ATL,-0.0906917855644159,2.0,-2.0,-1.12419106913705,-1.8398076831906225
2023_10_DET_LAC,2023,10,LAC,DET,-0.029819995540261053,-3.0,-2.5,1.0502900807033961,-3.055940940079604
2023_10_NYG_DAL,2023,10,DAL,NYG,0.246089801632321,32.0,17.5,10.90642627728981,21.61349500754303
2023_10_WAS_SEA,2023,10,SEA,WAS,0.07319931545605649,3.0,6.0,4.730378176390267,7.554537866880819
2023_10_NYJ_LV,2023,10,LV,NYJ,-0.0003743436356917207,4.0,-1.0,2.1021568811678106,-1.2831452507622398
2023_10_DEN_BUF,2023,10,BUF,DEN,0.2577508832094856,-2.0,7.5,11.32298708593753,7.9554770684034
2023_11_CIN_BAL,2023,11,BAL,CIN,0.08170484294354141,14.0,4.0,5.034215293446404,4.768333544218203
2023_11_DAL_CAR,2023,11,CAR,DAL,-0.29551288072158693,-23.0,-11.0,-8.440874385533878,-12.227630021212107
2023_11_PIT_CLE,2023,11,CLE,PIT,0.10540125244346897,3.0,2.5,5.880705855922811,2.525515281528544
2023_11_CHI_DET,2023,11,DET,CHI,0.18361573422856933,5.0,8.0,8.674708073021256,9.28892000323216
2023_11_LAC_GB,2023,11,GB,LAC,-0.049767390599178146,3.0,-3.0,0.3377229863757325,-3.557257339160678
2023_11_ARI_HOU,2023,11,HOU,ARI,0.13769236592809697,5.0,5.5,7.034219126221241,6.306375853304909
2023_11_TEN_JAX,2023,11,JAX,TEN,0.06892781726484393,20.0,6.5,4.577790380061565,8.270061736067516
2023_11_LV_MIA,2023,11,MIA,LV,0.2056887397918415,7.0,14.0,9.463206891580928,17.226620043900134
2023_11_NYG_WAS,2023,11,WAS,NYG,0.0744027899471825,-12.0,7.5,4.773369069121184,9.577125539321749
2023_11_TB_SF,2023,11,SF,TB,0.23855514972902,13.0,13.5,10.637271081954893,16.258184382265444
2023_11_NYJ_BUF,2023,11,BUF,NYJ,0.20285634754709836,26.0,8.0,9.362027288636703,9.11874364299652
2023_11_SEA_LA,2023,11,LA,SEA,-0.01925652251213775,1.0,2.5,1.4276417729632627,3.628068826253113
2023_11_MIN_DEN,2023,11,DEN,MIN,-0.14100294069953387,1.0,2.5,-2.921421911611052,4.704872459061706
2023_11_PHI_KC,2023,11,KC,PHI,0.06095083498693747,-4.0,2.5,4.292834120535833,2.9186633651409686
2023_12_GB_DET,2023,12,DET,GB,0.08931588395007489,-7.0,8.5,5.306099284254008,10.800712526779913
2023_12_WAS_DAL,2023,12,DAL,WAS,0.2624844842236563,35.0,13.0,11.492082264050335,15.368793964396378
2023_12_SF_SEA,2023,12,SEA,SF,-0.2519946881750466,-18.0,-7.0,-6.88630388037823,-7.190580974902003
2023_12_MIA_NYJ,2023,12,NYJ,MIA,-0.204260378344086,-21.0,-9.5,-5.181123912993026,-11.001493873198605
2023_12_NO_ATL,2023,12,ATL,NO,-0.11228955795018195,9.0,-2.0,-1.8957134592746945,-1.6487830919803192
2023_12_PIT_CIN,2023,12,CIN,PIT,0.051588204825862495,-6.0,-2.0,3.9583793133072884,-3.0982234362717618
2023_12_JAX_HOU,2023,12,HOU,JAX,-0.04229158565110361,-3.0,-1.0,0.6047760323436824,-0.9124022001532546
2023_12_TB_IND,2023,12,IND,TB,-0.057497235096340915,7.0,2.5,0.06159506006358528,3.9662942857362586
2023_12_NE_NYG,2023,12,NYG,NE,-0.03633408432616679,3.0,-4.5,0.8175917607144771,-5.709302115425279
2023_12_CAR_TEN,2023,12,TEN,CAR,0.07168964980039746,7.0,3.5,4.676449426973017,4.1791703627518695
2023_12_LA_ARI,2023,12,ARI,LA,-0.1024128167439138,-23.0,-3.0,-1.5428934162570642,-3.091627327474005
2023_12_CLE_DEN,2023,12,DEN,CLE,-0.1603952328180368,17.0,1.5,-3.6141594448288386,3.5209023808709246
2023_12_KC_LV,2023,12,LV,KC,-0.2284607303637396,-14.0,-9.0,-6.045616468006741,-10.109706402012993
2023_12_BUF_PHI,2023,12,PHI,BUF,-0.020673446230793244,3.0,2.5,1.377025980068794,3.640601011021887
2023_12_BAL_LAC,2023,12,LAC,BAL,-0.12562735401606256,-10.0,-3.0,-2.3721703880780813,-2.886303027664681
2023_12_CHI_MIN,2023,12,MIN,CHI,0.13963812542753556,-2.0,3.0,7.103726156521701,2.900446346487878
2023_13_SEA_DAL,2023,13,DAL,SEA,0.22599985755717342,6.0,9.5,10.188767002354375,10.947279528925016
2023_13_DEN_HOU,2023,13,HOU,DEN,0.0038605131180074886,5.0,3.5,2.253435760588628,4.77909487697819
2023_13_LAC_NE,2023,13,NE,LAC,-0.08513079983391068,-6.0,-4.5,-0.9255397950293407,-5.277712576199676
2023_13_DET_NO,2023,13,NO,DET,-0.03830523023727437,-5.0,-4.0,0.7471778690647053,-5.014124041448295
2023_13_ATL_NYJ,2023,13,NYJ,ATL,-0.030574284176332595,-5.0,-2.0,1.0233451457832043,-2.3715255345562523
2023_13_ARI_PIT,2023,13,PIT,ARI,0.1990720256209081,-14.0,6.0,9.226842555443163,6.441238653688796
2023_13_IND_TEN,2023,13,TEN,IND,-0.030181326825499143,-3.0,-1.5,1.0373824913539442,-1.6972571104785716
2023_13_MIA_WAS,2023,13,WAS,MIA,-0.2373737943246141,-30.0,-8.5,-6.364011730616121,-9.353129539587526
2023_13_CAR_TB,2023,13,TB,CAR,0.1336647889918713,3.0,4.0,6.890344761365539,4.308766359422187
2023_13_CLE_LA,2023,13,LA,CLE,-0.052664507411919054,17.0,3.5,0.23423127214010542,5.279038516860209
2023_13_SF_PHI,2023,13,PHI,SF,-0.14211633729792392,-23.0,-3.0,-2.9611950136429606,-2.740463853390997
2023_13_KC_GB,2023,13,GB,KC,-0.1292868403470932,8.0,-5.5,-2.502895705039637,-6.242656134921899
2023_13_CIN_JAX,2023,13,JAX,CIN,-0.022570243434367546,-3.0,10.0,1.309267996237438,13.823537380285577
2023_14_NE_PIT,2023,14,PIT,NE,0.09163937460024518,-3.0,6.0,5.389099745035939,7.3914421226996305
2023_14_TB_ATL,2023,14,ATL,TB,-0.03920235345076466,-4.0,1.5,0.7151305526305276,2.448994601437604
2023_14_LA_BAL,2023,14,BAL,LA,0.12001436951272282,6.0,7.5,6.402720201071769,9.173707391128568
2023_14_DET_CHI,2023,14,CHI,DET,-0.11507231712415003,15.0,-3.0,-1.995120054118349,-2.9796585632020443
2023_14_IND_CIN,2023,14,CIN,IND,0.09422161447358171,20.0,3.0,5.481343326614672,3.3021391824071498
2023_14_JAX_CLE,2023,14,CLE,JAX,0.013728798683625034,4.0,2.5,2.605953748562415,3.3363254286092987
2023_14_CAR_NO,2023,14,NO,CAR,0.14334109082897406,22.0,5.5,7.23600464645512,6.256414896879576
2023_14_HOU_NYJ,2023,14,NYJ,HOU,-0.10778508333847253,24.0,-3.5,-1.734803206278845,-3.721855537783197
2023_14_MIN_LV,2023,14,LV,MIN,-0.10586058191567127,-3.0,-3.0,-1.6660555636505952,-3.0611330746056793
2023_14_SEA_SF,2023,14,SF,SEA,0.27585126395657383,12.0,14.5,11.969574556486041,17.28380154153495
2023_14_BUF_KC,2023,14,KC,BUF,-0.019055804381068367,-3.0,2.0,1.4348118889113626,2.948549554346477
2023_14_DEN_LAC,2023,14,LAC,DEN,0.059136982332207946,-17.0,3.0,4.228039107858659,3.612450236383566
2023_14_PHI_DAL,2023,14,DAL,PHI,0.11188868096077682,20.0,3.5,6.112451809446199,3.8236242741412436
2023_14_TEN_MIA,2023,14,MIA,TEN,0.21685305916327963,-1.0,14.0,9.862022205117091,17.127875622208027
2023_14_GB_NYG,2023,14,NYG,GB,-0.17832049141352052,2.0,-6.0,-4.254491147025006,-6.486714976860892
2023_15_LAC_LV,2023,15,LV,LAC,-0.06325948060845846,42.0,3.0,-0.14424567900257745,4.695003283115221
2023_15_MIN_CIN,2023,15,CIN,MIN,8.943113220041474e-05,3.0,3.0,2.1187239886925426,4.134704760066973
2023_15_PIT_IND,2023,15,IND,PIT,-0.028824742220714135,17.0,1.5,1.0858428315229816,2.3572083325783986
2023_15_DEN_DET,2023,15,DET,DEN,0.03653759734593037,25.0,5.5,3.420736798674922,7.20105369193775
2023_15_ATL_CAR,2023,15,CAR,ATL,-0.09018191140688932,2.0,-3.0,-1.1059771847762914,-3.199805321500686
2023_15_CHI_CLE,2023,15,CLE,CHI,0.06357206986556338,3.0,3.0,4.386470693907745,3.573223469478684
2023_15_TB_GB,2023,15,GB,TB,0.0642400772771764,-14.0,4.0,4.410333463902348,4.922803165548218
2023_15_NYJ_MIA,2023,15,MIA,NYJ,0.20004511658917834,30.0,7.5,9.261603615808628,8.46586398619434
2023_15_KC_NE,2023,15,NE,KC,-0.18326562850998918,-10.0,-10.0,-4.431142883328158,-11.864928936731175
2023_15_NYG_NO,2023,15,NO,NYG,0.10303456305562574,18.0,6.0,5.796162236302779,7.290655746328333
2023_15_HOU_TEN,2023,15,TEN,HOU,0.015452586320847131,-3.0,3.0,2.6675314304735283,3.9988231336106344
2023_15_SF_ARI,2023,15,ARI,SF,-0.4295434886047632,-16.0,-12.5,-13.228757742142456,-13.07540908817968
2023_15_WAS_LA,2023,15,LA,WAS,0.16605594952421165,8.0,6.5,8.047431943639639,7.4109980591073
2023_15_DAL_BUF,2023,15,BUF,DAL,-0.042797426816481854,21.0,2.0,0.5867062157916829,3.1585357343741527
2023_15_BAL_JAX,2023,15,JAX,BAL,-0.1333717617935414,-16.0,-4.0,-2.6488185484512705,-4.173294487179742
2023_15_PHI_SEA,2023,15,SEA,PHI,-0.08601427543466815,3.0,-5.0,-0.9570995871666961,-5.947642541361349
2023_16_NO_LA,2023,16,LA,NO,-0.007253874839800289,8.0,4.0,1.856404112649962,5.555141664779516
2023_16_CIN_PIT,2023,16,PIT,CIN,-0.09589638538431941,23.0,-3.0,-1.3101114141170855,-3.1492628379508587
2023_16_BUF_LAC,2023,16,LAC,BUF,-0.2642458855315125,-2.0,-13.0,-7.3239449897334685,-15.21515140498512
2023_16_IND_ATL,2023,16,ATL,IND,-0.04307738651543911,19.0,3.0,0.5767054077350118,4.516499861325865
2023_16_GB_CAR,2023,16,CAR,GB,-0.12495967448336585,-3.0,-3.5,-2.3483193306768264,-3.5699524065686314
2023_16_CLE_HOU,2023,16,HOU,CLE,-0.07597729451880476,-14.0,-3.0,-0.5985554110517399,-3.32544009002587
2023_16_DET_MIN,2023,16,MIN,DET,-0.025013939360762086,-6.0,-2.5,1.2219735249268648,-3.0984487923073454
2023_16_WAS_NYJ,2023,16,NYJ,WAS,0.02472291190907959,2.0,3.0,2.998688904838845,3.916830411201651
2023_16_SEA_TEN,2023,16,TEN,SEA,-0.04456259288313012,-3.0,-3.0,0.5236504006638287,-3.6032919180182477
2023_16_JAX_TB,2023,16,TB,JAX,0.006159148198715894,18.0,-2.0,2.3355483229328433,-2.696419638349081
2023_16_ARI_CHI,2023,16,CHI,ARI,0.13323377327666006,11.0,4.5,6.874947882981646,4.990322531296174
2023_16_DAL_MIA,2023,16,MIA,DAL,-0.014018396542466588,2.0,1.5,1.6147597495665438,2.226251487585916
2023_16_NE_DEN,2023,16,DEN,NE,0.02240071948012063,-3.0,7.0,2.915734819521661,9.359321307924011
2023_16_LV_KC,2023,16,KC,LV,0.16931357105368133,-6.0,11.0,8.163801720285527,13.481881483753098
2023_16_NYG_PHI,2023,16,PHI,NYG,0.20574571829973692,8.0,14.0,9.46524229568709,17.226116089326297
2023_16_BAL_SF,2023,16,SF,BAL,0.14046764562460204,-14.0,6.5,7.133358536828198,7.637317477836305
2023_17_NYJ_CLE,2023,17,CLE,NYJ,0.16570909289832966,17.0,6.5,8.035041422605538,7.414065882213508
2023_17_DET_DAL,2023,17,DAL,DET,0.08775991121799767,1.0,5.5,5.25051633894839,6.748010600572174
2023_17_MIA_BAL,2023,17,BAL,MIA,0.021154478225461598,37.0,3.0,2.871216199068176,3.948391934005894
2023_17_NE_BUF,2023,17,BUF,NE,0.2369970188777144,6.0,15.0,10.581611043638222,18.305197468688874
2023_17_ATL_CHI,2023,17,CHI,ATL,0.039619750893887494,20.0,3.0,3.5308384531241686,3.7850731851983777
2023_17_TEN_HOU,2023,17,HOU,TEN,-0.03764049694953723,23.0,5.0,0.7709236797806758,7.1793884794548966
2023_17_LV_IND,2023,17,IND,LV,-0.04248048990990542,3.0,3.5,0.5980279352411311,5.188964515456117
2023_17_CAR_JAX,2023,17,JAX,CAR,0.09656801299446176,26.0,3.5,5.565162109529427,3.9591301162744306
2023_17_LA_NYG,2023,17,NYG,LA,-0.174275984138577,-1.0,-6.0,-4.110011991306613,-6.522487200729329
2023_17_ARI_PHI,2023,17,PHI,ARI,0.22498823235747753,-4.0,12.0,10.152629410104016,14.344946951136437
2023_17_NO_TB,2023,17,TB,NO,0.010314481540255804,-10.0,2.5,2.4839864421157447,3.3665238455999456
2023_17_SF_WAS,2023,17,WAS,SF,-0.3613485587643757,-17.0,-14.0,-10.792677097992332,-15.71180088732821
2023_17_PIT_SEA,2023,17,SEA,PIT,0.01720202369549201,-7.0,4.5,2.7300253803390095,6.01658195913266
2023_17_LAC_DEN,2023,17,DEN,LAC,0.023980105448028727,7.0,3.5,2.972154139771252,4.601144260983496
2023_17_CIN_KC,2023,17,KC,CIN,0.11241606429726242,8.0,7.5,6.131291162182054,9.240911689875183
2023_17_GB_MIN,2023,17,MIN,GB,0.02449586900505402,-23.0,1.0,2.990578407105614,1.2078625580905364
2023_18_PIT_BAL,2023,18,BAL,PIT,0.2258165449933426,-7.0,-3.0,10.182218653531038,-5.994698928061869
2023_18_HOU_IND,2023,18,IND,HOU,0.00405664823234992,-4.0,-1.5,2.26044216057769,-2.0000797846171574
2023_18_TB_CAR,2023,18,CAR,TB,-0.15980218074393154,-9.0,-5.0,-3.5929742528786104,-5.295014844569059
2023_18_CLE_CIN,2023,18,CIN,CLE,-0.051761232800763286,17.0,7.5,0.2664983307284641,10.693001308378241
2023_18_MIN_DET,2023,18,DET,MIN,0.1102128489464871,10.0,3.5,6.052587213318401,3.8384464104129363
2023_18_NYJ_NE,2023,18,NE,NYJ,0.05475240375046385,-14.0,2.5,4.071411818399726,2.973486277983262
2023_18_ATL_NO,2023,18,NO,ATL,0.07758638349208294,31.0,3.5,4.887094394914834,4.127015857055134
2023_18_JAX_TEN,2023,18,TEN,JAX,-0.09480164751819105,8.0,-3.5,-1.2710048451634197,-3.8366893954503434
2023_18_SEA_ARI,2023,18,ARI,SEA,-0.09903025066948881,-1.0,-2.5,-1.422060331440465,-2.4438009259393167
2023_18_CHI_GB,2023,18,GB,CHI,0.02976117527417269,8.0,2.5,3.178667326879322,3.1945247776145047
2023_18_KC_LAC,2023,18,LAC,KC,-0.18057363631875806,-1.0,3.5,-4.334978695072367,6.4103491272821405
2023_18_DEN_LV,2023,18,LV,DEN,0.024519416000040414,13.0,3.5,2.9914195602360376,4.596374251563389
2023_18_PHI_NYG,2023,18,NYG,PHI,-0.16624177435311566,17.0,-4.5,-3.8230114328308895,-4.560314944932301
2023_18_LA_SF,2023,18,SF,LA,0.19984667484900692,-1.0,5.5,9.25451481780921,5.75664316599311
2023_18_DAL_WAS,2023,18,WAS,DAL,-0.28218030104646463,-28.0,-13.0,-7.964603798275067,-15.056527898303603
2023_18_BUF_MIA,2023,18,MIA,BUF,-0.0658006724028224,-7.0,-2.5,-0.23502292824694715,-2.737704690230496
2024_01_BAL_KC,2024,1,KC,BAL,-0.10019114000822682,7.0,3.0,-1.4635299840190212,5.021650634219282
2024_01_GB_PHI,2024,1,PHI,GB,-0.0649254338317635,5.0,2.0,-0.20375738186453107,3.354250061708146
2024_01_PIT_ATL,2024,1,ATL,PIT,-0.12038173379797978,-8.0,4.0,-2.1847846995856504,6.555717216090781
2024_01_ARI_BUF,2024,1,BUF,ARI,0.2661524594967884,6.0,6.5,11.623110825660593,6.5256801403162354
2024_01_TEN_CHI,2024,1,CHI,TEN,0.05865540629063278,7.0,4.0,4.210836097659609,4.972197587954096
2024_01_NE_CIN,2024,1,CIN,NE,0.11621669203712344,-6.0,8.0,6.267058376758937,9.885040485132976
2024_01_HOU_IND,2024,1,IND,HOU,-0.014211859708885943,-2.0,-3.0,1.6078487977381122,-3.8717333245664514
2024_01_JAX_MIA,2024,1,MIA,JAX,0.10376788429921181,3.0,3.5,5.822358167461083,3.8954498233168526
2024_01_CAR_NO,2024,1,NO,CAR,0.2146925259840353,37.0,3.5,9.784842962154015,2.9143609427359296
2024_01_MIN_NYG,2024,1,NYG,MIN,-0.06586412912693312,-22.0,-1.0,-0.23728974922189483,-0.7039114631999804
2024_01_LV_LAC,2024,1,LAC,LV,-0.06805539816975867,12.0,3.0,-0.31556694833107635,4.737421462882199
2024_01_DEN_SEA,2024,1,SEA,DEN,0.017494502578374253,6.0,6.5,2.740473402605177,8.724971054356699
2024_01_DAL_CLE,2024,1,CLE,DAL,-0.14062720586897876,-16.0,2.5,-2.907999794304228,4.7015492185381795
2024_01_WAS_TB,2024,1,TB,WAS,0.16539877424999366,17.0,4.0,8.023956122649963,4.028090581701623
2024_01_LA_DET,2024,1,DET,LA,0.0318749310829258,6.0,5.0,3.254175573961846,6.564549319863507
2024_01_NYJ_SF,2024,1,SF,NYJ,0.32885881440200765,13.0,3.5,13.863126876814945,1.9046008533383012
2024_02_BUF_MIA,2024,2,MIA,BUF,-0.045372014444397216,-21.0,2.5,0.49473599012076264,3.85905103504348
2024_02_LV_BAL,2024,2,BAL,LV,0.2172938214361859,-3.0,9.0,9.877767253087837,10.346537320671995
2024_02_LAC_CAR,2024,2,CAR,LAC,-0.1621145633747308,-23.0,-5.0,-3.6755779095132546,-5.274562645199584
2024_02_NO_DAL,2024,2,DAL,NO,0.07320341402601317,-25.0,6.5,4.730524586790036,8.232245608140326
2024_02_TB_DET,2024,2,DET,TB,0.10222905165196436,-4.0,7.5,5.767387505634466,9.331012182253033
2024_02_IND_GB,2024,2,GB,IND,0.15869921178095786,6.0,-3.0,7.784632253657182,-5.401070061574174
2024_02_CLE_JAX,2024,2,JAX,CLE,-0.04339679145908858,-5.0,3.0,0.5652955242921884,4.519324884096797
2024_02_SF_MIN,2024,2,MIN,SF,-0.17957123798227503,6.0,-4.5,-4.299170707719789,-4.442420594749647
2024_02_SEA_NE,2024,2,NE,SEA,-0.041924332666330257,-3.0,-3.5,0.6178951584987602,-4.304370380019481
2024_02_NYJ_TEN,2024,2,TEN,NYJ,0.015373891291753539,-7.0,-3.5,2.664720261994956,-4.811152728364021
2024_02_NYG_WAS,2024,2,WAS,NYG,-0.025830829806296196,3.0,1.5,1.1927923085605676,2.3307282454254956
2024_02_LA_ARI,2024,2,ARI,LA,-0.1557720016176345,31.0,-1.0,-3.4490069317741083,0.09129159211340876
2024_02_PIT_DEN,2024,2,DEN,PIT,-0.12473750444269865,-7.0,-3.0,-2.3403829028947882,-2.894173429665145
2024_02_CIN_KC,2024,2,KC,CIN,0.12707521976077318,1.0,6.5,6.654950105271058,7.755768706521271
2024_02_CHI_HOU,2024,2,HOU,CHI,-0.03237901468721669,6.0,6.0,0.9588759971857646,8.488340529306178
2024_02_ATL_PHI,2024,2,PHI,ATL,0.08222369260974742,-1.0,5.5,5.052749803739568,6.796976478978637
2024_03_NE_NYJ,2024,3,NYJ,NE,-0.025670548843131143,21.0,6.5,1.1985179153308363,9.106750533975578
2024_03_NYG_CLE,2024,3,CLE,NYG,0.17647914926707103,-6.0,6.5,8.419772749666135,7.318808576117134
2024_03_CHI_IND,2024,3,IND,CHI,-0.03996837970606938,5.0,1.5,0.6877663227995663,2.4557698303668793
2024_03_HOU_MIN,2024,3,MIN,HOU,0.05402555981417184,27.0,-2.0,4.0454472716414385,-3.119780971556421
2024_03_PHI_NO,2024,3,NO,PHI,0.19354612110740818,-3.0,2.5,9.029444463557649,1.7459053660674573
2024_03_LAC_PIT,2024,3,PIT,LAC,0.05073782624121867,10.0,3.0,3.9280018231463742,3.6867377754007915
2024_03_DEN_TB,2024,3,TB,DEN,0.09216444869800441,-19.0,6.0,5.407856606422698,7.386798029638177
2024_03_GB_TEN,2024,3,TEN,GB,-0.1409493626445506,-16.0,3.0,-2.919507979548926,5.382142571929187
2024_03_CAR_LV,2024,3,LV,CAR,0.2148470364358283,-14.0,5.5,9.790362432909578,5.6239703195092865
2024_03_MIA_SEA,2024,3,SEA,MIA,-0.0776919768726012,21.0,4.0,-0.6598078311763138,6.178141546717024
2024_03_DET_ARI,2024,3,ARI,DET,-0.09976194160589744,-7.0,-3.0,-1.448198024255122,-3.115073372304205
2024_03_BAL_DAL,2024,3,DAL,BAL,-0.07449906623191198,-3.0,-1.5,-0.5457496771685437,-1.3052825168832567
2024_03_SF_LA,2024,3,LA,SF,-0.20659793395422676,3.0,-6.0,-5.2646268066805275,-6.236611086268396
2024_03_KC_ATL,2024,3,ATL,KC,-0.16689046116571205,-5.0,-3.0,-3.8461840263357168,-2.5213455665645017
2024_03_JAX_BUF,2024,3,BUF,JAX,0.22526620704601572,37.0,4.0,10.162559308996741,3.498584497814593
2024_03_WAS_CIN,2024,3,CIN,WAS,0.19060869798835664,-5.0,7.5,8.92451291482303,8.549325742041866
2024_04_DAL_NYG,2024,4,NYG,DAL,-0.1365146368860418,-5.0,-5.5,-2.761089316934229,-6.178728853230855
2024_04_NO_ATL,2024,4,ATL,NO,-0.1984632101730641,2.0,2.5,-4.974035655766815,5.213088042176606
2024_04_CIN_CAR,2024,4,CAR,CIN,-0.1810881609157695,-10.0,-4.5,-4.353358703889041,-4.429003952602825
2024_04_LA_CHI,2024,4,CHI,LA,-0.03291787463745535,6.0,3.0,0.9396266732586556,4.426642603423328
2024_04_MIN_GB,2024,4,GB,MIN,0.019831613571659884,-2.0,2.5,2.8239604135501133,3.2823482082554385
2024_04_JAX_HOU,2024,4,HOU,JAX,0.05455719415925228,4.0,5.5,4.0644384802378415,7.041676787062696
2024_04_PIT_IND,2024,4,IND,PIT,-0.14003453234376606,3.0,-2.5,-2.8868281249961116,-2.081132683826387
2024_04_DEN_NYJ,2024,4,NYJ,DEN,0.01052012109727464,-1.0,7.5,2.4913323627831274,10.142144953570195
2024_04_PHI_TB,2024,4,TB,PHI,-0.07068071455887981,17.0,-1.0,-0.40934932269933144,-0.6613104834909111
2024_04_WAS_ARI,2024,4,ARI,WAS,0.09017984827784763,-28.0,3.5,5.3369620885863736,4.015631154056435
2024_04_NE_SF,2024,4,SF,NE,0.2941807870929715,17.0,10.5,12.624347523238704,11.699731515718153
2024_04_KC_LAC,2024,4,LAC,KC,-0.12083431458604407,-7.0,-7.5,-2.200951932256732,-9.028391676223873
2024_04_CLE_LV,2024,4,LV,CLE,-0.028009972002634553,4.0,-2.5,1.114948308460039,-3.0719499524990512
2024_04_BUF_BAL,2024,4,BAL,BUF,-0.054786111323009035,25.0,2.5,0.1584426726876782,3.9423153632218897
2024_04_TEN_MIA,2024,4,MIA,TEN,0.11778718906010106,-19.0,2.5,6.323160163333478,2.415966091144994
2024_04_SEA_DET,2024,4,DET,SEA,0.08048881290371927,13.0,3.5,4.990775887472246,4.101344904423001
2024_05_TB_ATL,2024,5,ATL,TB,-0.06626900919604366,6.0,2.5,-0.2517530018694285,4.043877498099825
2024_05_NYJ_MIN,2024,5,MIN,NYJ,0.13592659167662413,6.0,2.5,6.971141585324584,2.255529546684322
2024_05_CAR_CHI,2024,5,CHI,CAR,0.16812666499330464,26.0,4.0,8.121402690227491,4.003963361319822
2024_05_BAL_CIN,2024,5,CIN,BAL,-0.23155430484493308,-3.0,-2.5,-6.156126104610384,-1.2716729480057984
2024_05_BUF_HOU,2024,5,HOU,BUF,-0.18688901391549842,3.0,1.0,-4.560578591720507,3.0774864307149423
2024_05_IND_JAX,2024,5,JAX,IND,-0.07995634996078889,3.0,3.5,-0.7406964758919741,5.520425127162191
2024_05_MIA_NE,2024,5,NE,MIA,-0.09986400311099256,-5.0,-2.0,-1.4518438973083967,-1.758682691407604
2024_05_CLE_WAS,2024,5,WAS,CLE,-0.008641871942159735,21.0,3.0,1.806821645403375,4.211930020650427
2024_05_LV_DEN,2024,5,DEN,LV,0.058132472854148735,16.0,3.0,4.192155705645432,3.6213347643332905
2024_05_ARI_SF,2024,5,SF,ARI,0.31022859783387324,-1.0,7.0,13.19761244510893,6.81358641363045
2024_05_GB_LA,2024,5,LA,GB,-0.10733786243001678,-5.0,-3.0,-1.718827440905991,-3.048067055512813
2024_05_NYG_SEA,2024,5,SEA,NYG,0.06035577279049865,-9.0,7.0,4.271577122365985,9.023622402801807
2024_05_DAL_PIT,2024,5,PIT,DAL,-0.03841300211581594,-3.0,2.5,0.7433280082625415,3.797501053797692
2024_05_NO_KC,2024,5,KC,NO,-0.02588452286794339,13.0,5.5,1.1908742681943698,7.753155074587482
2024_06_SF_SEA,2024,6,SEA,SF,-0.1993752548649233,-12.0,-3.5,-5.0066160019250745,-2.9117731477005746
2024_06_JAX_CHI,2024,6,CHI,JAX,0.11905394094752339,19.0,-1.5,6.368411471034987,-3.0171898105421047
2024_06_WAS_BAL,2024,6,BAL,WAS,0.20509483627985042,7.0,6.5,9.441991284299853,7.065713033846269
2024_06_ARI_GB,2024,6,GB,ARI,0.149574016559647,21.0,5.5,7.458659171717572,6.201286892542857
2024_06_HOU_NE,2024,6,NE,HOU,-0.14299684277819455,-20.0,-6.5,-2.9926487062059683,-7.47688403809975
2024_06_TB_NO,2024,6,NO,TB,0.09797264043272158,-24.0,-3.5,5.615338650844093,-5.541709195360336
2024_06_CLE_PHI,2024,6,PHI,CLE,0.0814952770957697,4.0,8.0,5.026729116590933,10.192139012561972
2024_06_IND_TEN,2024,6,TEN,IND,-0.043108531892006474,-3.0,2.5,0.5755928228377458,3.8390313394212106
2024_06_LAC_DEN,2024,6,DEN,LAC,0.02613089977742797,-7.0,-3.0,3.0489854884897065,-4.228550638941318
2024_06_PIT_LV,2024,6,LV,PIT,-0.1327582154450344,-19.0,-3.5,-2.6269012536115346,-3.5009770940858806
2024_06_ATL_CAR,2024,6,CAR,ATL,-0.1875397102351099,-18.0,-6.0,-4.583822969464356,-6.405174275569258
2024_06_DET_DAL,2024,6,DAL,DET,-0.03154989269094856,-38.0,-3.5,0.9884941528386164,-4.396128600262566
2024_06_CIN_NYG,2024,6,NYG,CIN,-0.058002571291965795,-10.0,-4.5,0.043543282199284494,-5.517652078983768
2024_06_BUF_NYJ,2024,6,NYJ,BUF,-0.17009524023427552,-3.0,-1.0,-3.960666148041506,0.21797552750642635
2024_07_DEN_NO,2024,7,NO,DEN,0.03424145812502366,-23.0,-2.5,3.3387133942163096,-3.6225416422341357
2024_07_NE_JAX,2024,7,JAX,NE,0.053440694128904814,16.0,6.5,4.024554516437476,8.40703981478901
2024_07_SEA_ATL,2024,7,ATL,SEA,0.029277400306129776,-20.0,3.0,3.1613857659402314,3.8765475862566134
2024_07_TEN_BUF,2024,7,BUF,TEN,0.20022301827863262,24.0,9.5,9.267958675682664,11.175266475815988
2024_07_CIN_CLE,2024,7,CLE,CIN,-0.11482894457914766,-7.0,-5.5,-1.9864262238352843,-6.370531064775921
2024_07_HOU_GB,2024,7,GB,HOU,0.11834263587488873,2.0,3.0,6.343002008431436,3.0887973538861515
2024_07_MIA_IND,2024,7,IND,MIA,0.038761569479943685,6.0,3.0,3.5001822278509556,3.7926634936271735
2024_07_DET_MIN,2024,7,MIN,DET,-0.0867784638632725,-2.0,1.0,-0.9843981655766125,2.1920443324285275
2024_07_PHI_NYG,2024,7,NYG,PHI,-0.08995230589182383,-25.0,-3.0,-1.0977751446488173,-3.2018361003639697
2024_07_LV_LA,2024,7,LA,LV,0.11910669839008267,5.0,7.0,6.370296088923067,8.503991426725594
2024_07_CAR_WAS,2024,7,WAS,CAR,0.2305972227729317,33.0,10.0,10.352995522603763,11.584361465464383
2024_07_KC_SF,2024,7,SF,KC,0.056484210811729565,-10.0,2.5,4.133275972688413,2.9581690623915553
2024_07_NYJ_PIT,2024,7,PIT,NYJ,0.047300814543508006,22.0,-3.0,3.805223814721006,-4.415790982154333
2024_07_BAL_TB,2024,7,TB,BAL,-0.09720107658600632,-10.0,-4.5,-1.356718001886315,-5.170955284698453
2024_07_LAC_ARI,2024,7,ARI,LAC,-0.05055736173344923,2.0,-1.0,0.30950339007818806,-0.8392943597258506
2024_08_MIN_LA,2024,8,LA,MIN,-0.12209708167085881,10.0,-3.0,-2.246060893591351,-2.9175270270456553
2024_08_PHI_CIN,2024,8,CIN,PHI,-0.04296762915770609,-20.0,2.5,0.5806261944467552,3.8377851050068745
2024_08_BAL_CLE,2024,8,CLE,BAL,-0.2819758879670525,5.0,-7.5,-7.957301690224914,-7.603151950927989
2024_08_TEN_DET,2024,8,DET,TEN,0.29023624441760004,38.0,12.5,12.483439334257685,14.445595554962257
2024_08_IND_HOU,2024,8,HOU,IND,0.05914017596761253,3.0,5.0,4.228153191902909,6.3233979564118465
2024_08_GB_JAX,2024,8,JAX,GB,-0.25093323575399834,-3.0,-3.5,-6.848386344519567,-2.455761201327112
2024_08_ARI_MIA,2024,8,MIA,ARI,-0.02251060085881995,-1.0,4.0,1.3113985670027253,5.690081963201753
2024_08_NYJ_NE,2024,8,NE,NYJ,-0.1658914868986579,3.0,-7.0,-3.8104983546637827,-7.952133070735762
2024_08_ATL_TB,2024,8,TB,ATL,0.09540463698138996,-5.0,-1.5,5.523603627191429,-2.808020154438304
2024_08_NO_LAC,2024,8,LAC,NO,0.03454545714344032,18.0,7.0,3.3495729423724376,9.25190543622879
2024_08_BUF_SEA,2024,8,SEA,BUF,-0.18459529703766867,-21.0,-3.0,-4.478641718960029,-2.3647526099170393
2024_08_CAR_DEN,2024,8,DEN,CAR,0.31920318028303446,14.0,13.0,13.518205290426046,14.867137333554917
2024_08_KC_LV,2024,8,LV,KC,-0.2662746480665507,-7.0,-9.0,-7.396417080470285,-9.775255790986085
2024_08_CHI_WAS,2024,8,WAS,CHI,-0.0018624733303068686,3.0,1.5,2.048997446096583,2.118736683701928
2024_08_DAL_SF,2024,8,SF,DAL,0.17537445144874572,6.0,5.5,8.38031038818038,5.973091250894821
2024_08_NYG_PIT,2024,8,PIT,NYG,0.16713639896068583,8.0,6.0,8.086028096833697,6.723697877670354
2024_09_HOU_NYJ,2024,9,NYJ,HOU,-0.04955850388703495,8.0,2.5,0.34518490293555915,3.896079040529508
2024_09_DAL_ATL,2024,9,ATL,DAL,-0.004931828549494931,6.0,3.0,1.9393529775563878,4.1791160104924465
2024_09_DEN_BAL,2024,9,BAL,DEN,0.14596352109116062,31.0,9.0,7.32968392169301,10.977428378367218
2024_09_MIA_BUF,2024,9,BUF,MIA,0.27309604603451443,3.0,6.5,11.87115179886969,6.464266594687028
2024_09_NO_CAR,2024,9,CAR,NO,-0.22469410776271878,1.0,-7.0,-5.911063995650783,-7.432044868488822
2024_09_LV_CIN,2024,9,CIN,LV,0.10230841929757081,17.0,8.0,5.770222701530791,10.00805419539253
2024_09_LAC_CLE,2024,9,CLE,LAC,-0.07019863455289366,-17.0,-2.0,-0.39212830972573753,-2.021062292446854
2024_09_WAS_NYG,2024,9,NYG,WAS,-0.1464851543717704,-5.0,-4.5,-3.117259265579869,-4.735055200002359
2024_09_NE_TEN,2024,9,TEN,NE,0.08265365779058126,3.0,3.0,5.068109154605377,3.404453632112389
2024_09_CHI_ARI,2024,9,ARI,CHI,-0.055233138581161176,20.0,1.5,0.14247382495162553,2.5907811765351543
2024_09_JAX_PHI,2024,9,PHI,JAX,0.16953197139969828,5.0,7.5,8.171603485854503,8.735741869072783
2024_09_DET_GB,2024,9,GB,DET,-0.08548338228334032,-10.0,-2.5,-0.9381348557256843,-2.5636181436329926
2024_09_LA_SEA,2024,9,SEA,LA,-0.05444166671281469,-6.0,-1.5,0.17074703094187993,-1.4826830596541587
2024_09_IND_MIN,2024,9,MIN,IND,0.13278900445605574,8.0,6.5,6.859059711859077,7.70523231942612
2024_09_TB_KC,2024,9,KC,TB,0.11229903453871456,6.0,9.0,6.127110588490501,11.275178751281784
2024_10_CIN_BAL,2024,10,BAL,CIN,0.19149660798612517,1.0,6.0,8.956231113879381,6.508240519950032
2024_10_NYG_CAR,2024,10,CAR,NYG,-0.1724026153198096,3.0,-6.5,-4.043090923575696,-7.216800471208972
2024_10_NE_CHI,2024,10,CHI,NE,0.16476292326709457,-16.0,6.5,8.00124205467409,7.422434415032264
2024_10_BUF_IND,2024,10,IND,BUF,-0.2129263243128172,-10.0,-4.5,-5.490691549283404,-4.1474067564116055
2024_10_MIN_JAX,2024,10,JAX,MIN,-0.20270790985374618,-5.0,-7.0,-5.12566614730837,-7.626504944871433
2024_10_DEN_KC,2024,10,KC,DEN,0.14974886216219563,2.0,7.5,7.464905061097917,8.910716412162852
2024_10_ATL_NO,2024,10,NO,ATL,-0.04037263152206049,3.0,-3.5,0.6733255128067499,-4.31809462303262
2024_10_SF_TB,2024,10,TB,SF,-0.13010873341918774,-3.0,-6.5,-2.532255626798876,-7.590874767227005
2024_10_PIT_WAS,2024,10,WAS,PIT,0.015596187311918676,-1.0,1.5,2.67266119005608,1.9643210591323084
2024_10_TEN_LAC,2024,10,LAC,TEN,0.11707757635166305,10.0,8.0,6.297811155893852,9.877426270512736
2024_10_NYJ_ARI,2024,10,ARI,NYJ,0.0036774966704535006,25.0,-2.0,2.246897989723684,-2.674470315972428
2024_10_PHI_DAL,2024,10,DAL,PHI,-0.10254475388215292,-28.0,-7.5,-1.5476065160353198,-9.190156315394688
2024_10_DET_HOU,2024,10,HOU,DET,-0.20569915802142183,-3.0,-4.5,-5.232520451289318,-4.211328463787897
2024_10_MIA_LA,2024,10,LA,MIA,0.0818155970562412,-8.0,2.5,5.038171686551279,2.734121988660136
2024_11_WAS_PHI,2024,11,PHI,WAS,0.07258036058961939,8.0,4.5,4.708267676778946,5.526780326901413
2024_11_GB_CHI,2024,11,CHI,GB,-0.16815505872538722,-1.0,-6.0,-3.891358376466651,-6.576624602216805
2024_11_JAX_DET,2024,11,DET,JAX,0.29041388156233905,46.0,14.0,12.489784943982539,16.477256392739022
2024_11_LV_MIA,2024,11,MIA,LV,0.12596561376935397,15.0,8.0,6.615312412488676,9.798814750581393
2024_11_LA_NE,2024,11,NE,LA,-0.1472968242832348,-6.0,-4.0,-3.146253992392923,-4.050132277570353
2024_11_CLE_NO,2024,11,NO,CLE,0.01866593070731124,21.0,-1.0,2.782319525148239,-1.45154968423526
2024_11_IND_NYJ,2024,11,NYJ,IND,0.00044798897740244703,-1.0,4.0,2.131532504348314,5.487021427147592
2024_11_BAL_PIT,2024,11,PIT,BAL,-0.15606330995412881,2.0,-3.0,-3.4594131394155605,-2.617107856175809
2024_11_MIN_TEN,2024,11,TEN,MIN,-0.18611928028471209,-10.0,-6.0,-4.533081925861347,-6.417737471706857
2024_11_ATL_DEN,2024,11,DEN,ATL,0.01525692355244902,32.0,2.0,2.6605419037742397,2.6450657176925505
2024_11_SEA_SF,2024,11,SF,SEA,0.23426070672245575,-3.0,6.0,10.483863643745298,6.130007323781692
2024_11_KC_BUF,2024,11,BUF,KC,0.055662515740748694,9.0,2.5,4.103923123986975,2.9654366621342527
2024_11_CIN_LAC,2024,11,LAC,CIN,0.021337179860325482,7.0,1.0,2.8777427240955973,1.2358000366348447
2024_11_HOU_DAL,2024,11,DAL,HOU,-0.07859119011216514,-24.0,-7.5,-0.6919298081765444,-9.402017040911337
2024_12_PIT_CLE,2024,12,CLE,PIT,-0.13685998366748037,5.0,-3.5,-2.7734259028321997,-3.4646984175660496
2024_12_KC_CAR,2024,12,CAR,KC,-0.37626348375859725,-3.0,-11.0,-11.325472720370929,-11.513419747133266
2024_12_MIN_CHI,2024,12,CHI,MIN,-0.1355489078084145,-3.0,-3.0,-2.726591240332242,-2.7985504241320998
2024_12_TEN_HOU,2024,12,HOU,TEN,0.11971873037301368,-5.0,8.0,6.392159287121359,9.854066205491195
2024_12_DET_IND,2024,12,IND,DET,-0.2895152255207021,-18.0,-7.0,-8.226624267829248,-6.858725208463406
2024_12_NE_MIA,2024,12,MIA,NE,0.12082531317548637,19.0,7.5,6.431688984601253,9.16653488375572
2024_12_TB_NYG,2024,12,NYG,TB,-0.16337218790261204,-23.0,-6.5,-3.7205031668183155,-7.296671379884783
2024_12_DAL_WAS,2024,12,WAS,DAL,0.12228967927819659,-8.0,10.5,6.48399952919909,13.220047037917269
2024_12_DEN_LV,2024,12,LV,DEN,-0.19991028113829099,-10.0,-6.5,-5.025728378046193,-6.973504981087588
2024_12_SF_GB,2024,12,GB,SF,-0.06794429916306909,28.0,6.5,-0.3115982348150679,9.480646773344905
2024_12_ARI_SEA,2024,12,SEA,ARI,-0.061392381428388876,10.0,-1.0,-0.07754857726903586,-0.7434624761865325
2024_12_PHI_LA,2024,12,LA,PHI,-0.09819648917202863,-17.0,-3.0,-1.3922764420728204,-3.1289192405677326
2024_12_BAL_LAC,2024,12,LAC,BAL,-0.1690349883931195,-7.0,-3.0,-3.9227914996738047,-2.502377988351442
2024_13_CHI_DET,2024,13,DET,CHI,0.28065993222015684,3.0,9.5,12.14135131039533,10.463830669870346
2024_13_NYG_DAL,2024,13,DAL,NYG,0.057549535646538544,7.0,4.5,4.171331840124376,5.659722610902793
2024_13_MIA_GB,2024,13,GB,MIA,0.15034980338291026,13.0,3.5,7.486372071614406,3.4834493682782894
2024_13_LV_KC,2024,13,KC,LV,0.2552012262847123,2.0,13.5,11.231907442653185,16.110955774031652
2024_13_LAC_ATL,2024,13,ATL,LAC,-0.07149003067158552,-4.0,-1.0,-0.43825996637585884,-0.654152371217656
2024_13_PIT_CIN,2024,13,CIN,PIT,-0.004331884536394479,-6.0,3.0,1.9607843655101327,4.173809719741502
2024_13_HOU_JAX,2024,13,JAX,HOU,-0.17449208955049691,-3.0,-3.5,-4.117731776520944,-3.1318558672193406
2024_13_ARI_MIN,2024,13,MIN,ARI,0.08137810901673306,1.0,3.5,5.022543601771554,4.093479397581873
2024_13_IND_NE,2024,13,NE,IND,-0.10199703887657455,-1.0,-2.5,-1.5280408690477363,-2.4175607427230323
2024_13_SEA_NYJ,2024,13,NYJ,SEA,-0.02569643409826068,-5.0,1.0,1.1975932341391764,1.6517955716884227
2024_13_TEN_WAS,2024,13,WAS,TEN,0.053896296501424315,23.0,6.0,4.040829687094904,7.725266182703034
2024_13_TB_CAR,2024,13,CAR,TB,-0.28371807903351914,-3.0,-6.5,-8.019536785199925,-6.232254909218019
2024_13_LA_NO,2024,13,NO,LA,-0.034733376982745104,-7.0,-2.5,0.8747727298185637,-3.0124838341917126
2024_13_PHI_BAL,2024,13,BAL,PHI,0.06492009565993806,-5.0,3.0,4.434625293570466,3.5613006622691277
2024_13_SF_BUF,2024,13,BUF,SF,0.047228270436946926,25.0,6.5,3.802632371423766,8.461986485907907
2024_13_CLE_DEN,2024,13,DEN,CLE,0.1491176902580561,9.0,6.5,7.442358140639102,7.560810919171699
2024_14_GB_DET,2024,14,DET,GB,0.09780464293454091,3.0,3.0,5.60933739159298,3.2704485740043734
2024_14_NYJ_MIA,2024,14,MIA,NYJ,0.09108382629016719,6.0,6.5,5.369254274291428,8.074099740945117
2024_14_ATL_MIN,2024,14,MIN,ATL,0.12241650159191247,21.0,6.0,6.488529915613633,7.119229414962906
2024_14_NO_NYG,2024,14,NYG,NO,-0.10174326077661626,-3.0,-5.5,-1.5189753282712508,-6.48626926936656
2024_14_CAR_PHI,2024,14,PHI,CAR,0.3553403766285045,6.0,14.0,14.809109537370748,15.903004708018708
2024_14_CLE_PIT,2024,14,PIT,CLE,0.12503365150123164,13.0,6.0,6.582020564432452,7.096081657748218
2024_14_LV_TB,2024,14,TB,LV,0.14517378772567938,15.0,7.0,7.301472819046651,8.27343732163388
2024_14_JAX_TEN,2024,14,TEN,JAX,0.04057175303602288,-4.0,3.0,3.564846171836887,3.7766530659016024
2024_14_SEA_ARI,2024,14,ARI,SEA,0.04165236897066737,-12.0,3.0,3.603448272730737,3.7670954034962496
2024_14_BUF_LA,2024,14,LA,BUF,-0.1939632619759889,2.0,-3.5,-4.813287096772317,-2.9596402939403
2024_14_CHI_SF,2024,14,SF,CHI,0.09291864430023568,25.0,3.0,5.434798217958906,3.31366348872342
2024_14_LAC_KC,2024,14,KC,LAC,0.05424876664455709,2.0,5.0,4.053420735950534,6.3666607267424915
2024_14_CIN_DAL,2024,14,DAL,CIN,-0.09218113055497376,-7.0,-5.0,-1.1773939173906047,-5.893098908000997
2024_15_LA_SF,2024,15,SF,LA,0.10797170146946636,-6.0,3.0,5.972528241159701,3.1805245686136443
2024_15_DAL_CAR,2024,15,CAR,DAL,-0.07486654761460515,-16.0,2.5,-0.5588769622256535,4.119919658026603
2024_15_KC_CLE,2024,15,CLE,KC,-0.1406892336447946,-14.0,-4.5,-2.910215569940603,-4.786318050993767
2024_15_MIA_HOU,2024,15,HOU,MIA,0.008380992709117088,8.0,2.5,2.4149177484717788,3.383624864491198
2024_15_NYJ_JAX,2024,15,JAX,NYJ,-0.03663605192748613,-7.0,-3.5,0.8068047794761912,-4.351143336429041
2024_15_WAS_NO,2024,15,NO,WAS,-0.08890253158127441,-1.0,-7.5,-1.0602747779112751,-9.310816904444273
2024_15_BAL_NYG,2024,15,NYG,BAL,-0.34572225741314594,-21.0,-16.5,-10.234469466567461,-19.238729905951196
2024_15_CIN_TEN,2024,15,TEN,CIN,-0.10505898181974278,-10.0,-6.0,-1.6374205539422375,-7.134686891354458
2024_15_NE_ARI,2024,15,ARI,NE,0.12544635997629666,13.0,6.0,6.5967634658495475,7.09243139853027
2024_15_IND_DEN,2024,15,DEN,IND,0.1132968879922337,18.0,4.5,6.16275622211027,5.166657168657858
2024_15_BUF_DET,2024,15,DET,BUF,0.025110766904639287,-6.0,2.5,3.0125439824763083,3.235655980494324
2024_15_TB_LAC,2024,15,LAC,TB,-0.012364867880401548,-23.0,3.0,1.6738276183601926,4.2448585914528945
2024_15_PIT_PHI,2024,15,PHI,PIT,0.10162748170652205,14.0,5.5,5.745898035616322,6.625356887201424
2024_15_GB_SEA,2024,15,SEA,GB,-0.14186531961228716,-17.0,-3.0,-2.9522280812515014,-2.7426840152636593
2024_15_CHI_MIN,2024,15,MIN,CHI,0.1165398622071038,18.0,7.0,6.278602762796118,8.526694176981472
2024_15_ATL_LV,2024,15,LV,ATL,-0.06243482534078493,-6.0,-6.5,-0.11478708522767533,-8.18942633983272
2024_16_DEN_LAC,2024,16,LAC,DEN,-0.07369680631953973,7.0,3.0,-0.517091097290511,4.7873177052545195
2024_16_HOU_KC,2024,16,KC,HOU,0.08055897255206874,8.0,3.5,4.993282152406378,4.100724367364547
2024_16_PIT_BAL,2024,16,BAL,PIT,0.21579516530785137,17.0,7.0,9.824231789454139,7.648816432850289
2024_16_NYG_ATL,2024,16,ATL,NYG,0.09553858281258636,27.0,9.5,5.528388482128678,12.101162958740405
2024_16_ARI_CAR,2024,16,CAR,ARI,-0.20906959013664422,6.0,-5.5,-5.352920083014617,-5.537006177511148
2024_16_DET_CHI,2024,16,CHI,DET,-0.26054105453576526,-17.0,-7.0,-7.1915998564558,-7.114991413569941
2024_16_CLE_CIN,2024,16,CIN,CLE,0.11242315932512469,18.0,10.0,6.131544612989693,12.629568895127601
2024_16_TEN_IND,2024,16,IND,TEN,0.05224819887407327,8.0,4.0,3.9819558274244473,5.028867051623161
2024_16_LA_NYJ,2024,16,NYJ,LA,-0.10555746502803107,-10.0,-3.0,-1.6552275272463697,-3.0638140353323777
2024_16_PHI_WAS,2024,16,WAS,PHI,-0.12972026065677777,3.0,-4.0,-2.5183784811004877,-4.2055907119706815
2024_16_MIN_SEA,2024,16,SEA,MIN,-0.09278929939663733,-3.0,-2.5,-1.1991191152465075,-2.498999913333293
2024_16_NE_BUF,2024,16,BUF,NE,0.3443781033454272,3.0,14.0,14.417511777489,15.999962104144226
2024_16_JAX_LV,2024,16,LV,JAX,-0.005638220387114756,5.0,2.5,1.9141190270729873,3.507619802624853
2024_16_SF_MIA,2024,16,MIA,SF,-0.1079206272283713,12.0,-2.0,-1.7396451475696133,-1.6874247254901729
2024_16_TB_DAL,2024,16,DAL,TB,-0.14403889619287352,2.0,-4.5,-3.029873264682845,-4.756691480831329
2024_16_NO_GB,2024,16,GB,NO,0.21962070151917262,34.0,14.0,9.960888792250493,17.103396812995314
2024_17_KC_PIT,2024,17,PIT,KC,-0.08802914235823653,-19.0,-3.0,-1.0290752945181292,-3.2188457956821863
2024_17_BAL_HOU,2024,17,HOU,BAL,-0.22717646705419178,-29.0,-5.5,-5.999739611799041,-5.376857311253563
2024_17_SEA_CHI,2024,17,CHI,SEA,-0.045862750500849925,-3.0,-3.5,0.4772057630011066,-4.26953647940155
2024_17_LAC_NE,2024,17,NE,LAC,-0.0954840981491265,-33.0,-6.0,-1.2953835603626445,-7.219373321343465
2024_17_DEN_CIN,2024,17,CIN,DEN,-0.018963035061381098,6.0,3.5,1.4381258236069487,4.980961017757122
2024_17_ARI_LA,2024,17,LA,ARI,0.05773171031302283,4.0,6.5,4.177839540622281,8.369087307567103
2024_17_NYJ_BUF,2024,17,BUF,NYJ,0.263385456354856,26.0,10.0,11.52426707272851,11.294361237449067
2024_17_TEN_JAX,2024,17,JAX,TEN,-0.0040251748624508255,7.0,-1.0,1.9717407445520425,-1.250854951086284
2024_17_LV_NO,2024,17,NO,LV,0.025528803890233945,-15.0,-2.0,3.0274772306155695,-2.867737332334739
2024_17_IND_NYG,2024,17,NYG,IND,-0.1365208281369429,12.0,-7.5,-2.7613104827381765,-8.889650060419543
2024_17_DAL_PHI,2024,17,PHI,DAL,0.2338830063075259,34.0,7.5,10.470371311217768,8.16657992414326
2024_17_CAR_TB,2024,17,TB,CAR,0.2533270049589766,34.0,9.5,11.164955921401319,10.705580659794721
2024_17_MIA_CLE,2024,17,CLE,MIA,-0.14975386606190866,-17.0,-3.0,-3.2340252084188803,-2.672912636351658
2024_17_GB_MIN,2024,17,MIN,GB,-0.11510888175499319,2.0,-1.0,-1.9964262273143039,-0.2683591954935516
2024_17_ATL_WAS,2024,17,WAS,ATL,0.07597357019605855,6.0,3.5,4.829480973179981,4.141280615247263
2024_17_DET_SF,2024,17,SF,DET,-0.11136884963771856,-6.0,-4.0,-1.8628236285475452,-4.367902395112521
2024_18_CLE_BAL,2024,18,BAL,CLE,0.4034606663145717,25.0,19.5,16.52807759803881,22.932581821987686
2024_18_CIN_PIT,2024,18,PIT,CIN,-0.06478608373484629,-2.0,-2.5,-0.1987794740544495,-2.7466783650190347
2024_18_CAR_ATL,2024,18,ATL,CAR,0.1603601228315523,-6.0,7.5,7.84396383844623,8.816863597373224
2024_18_WAS_DAL,2024,18,DAL,WAS,-0.13779567896222383,-4.0,-7.0,-2.8068511032346635,-8.200630468056127
2024_18_CHI_GB,2024,18,GB,CHI,0.2335496427749742,-2.0,10.0,10.458462794689993,11.55824836389549
2024_18_JAX_IND,2024,18,IND,JAX,0.033611543265346946,3.0,3.5,3.3162113782935334,4.515957629744007
2024_18_BUF_NE,2024,18,NE,BUF,-0.36292102584342545,7.0,-3.0,-10.84884925952695,-0.787525160763566
2024_18_NYG_PHI,2024,18,PHI,NYG,0.3595929775783355,7.0,3.0,14.961022280523721,0.9550241535713382
2024_18_NO_TB,2024,18,TB,NO,0.21679686663138836,8.0,14.5,9.860014877891937,17.80611661675303
2024_18_HOU_TEN,2024,18,TEN,HOU,-0.1098743758002014,-9.0,2.5,-1.8094375660164244,4.429551408415886
2024_18_SF_ARI,2024,18,ARI,SF,-0.11864033930105491,23.0,4.5,-2.122578059917318,7.21805919469973
2024_18_KC_DEN,2024,18,DEN,KC,-0.05613382489160143,38.0,10.5,0.11029922645214807,14.798139275281896
2024_18_SEA_LA,2024,18,LA,SEA,0.04839217455463142,-5.0,-7.5,3.8442097188801547,-10.525139596919482
2024_18_LAC_LV,2024,18,LV,LAC,-0.12538997105156913,-14.0,-7.0,-2.3636905194660462,-8.310354528481408
2024_18_MIA_NYJ,2024,18,NYJ,MIA,-0.11375419307738703,12.0,1.5,-1.9480336140498018,3.10837902471439
2024_18_MIN_DET,2024,18,DET,MIN,0.10491644864161587,22.0,3.0,5.863387542660095,3.2075471898386416
2025_01_DAL_PHI,2025,1,PHI,DAL,0.26108804148755654,4.0,8.5,11.442198099229891,9.28144907734499
2025_01_KC_LAC,2025,1,LAC,KC,0.019090958549486774,6.0,-3.0,2.797502502855997,-4.166284870454087
2025_01_TB_ATL,2025,1,ATL,TB,-0.15929422314753663,-3.0,-1.5,-3.574828832514914,-0.5552996067431373
2025_01_CIN_CLE,2025,1,CLE,CIN,-0.19227325449373142,-1.0,-5.5,-4.752916120137657,-5.685563773762742
2025_01_MIA_IND,2025,1,IND,MIA,-0.10266110966916431,25.0,1.5,-1.5517630139045417,3.0102646597017233
2025_01_CAR_JAX,2025,1,JAX,CAR,0.04442985036600228,16.0,4.5,3.702666333112922,5.775761546435513
2025_01_LV_NE,2025,1,NE,LV,-0.032590317190787074,-7.0,2.5,0.9513277829678886,3.746001483023297
2025_01_ARI_NO,2025,1,NO,ARI,-0.12558880974858436,-7.0,-6.0,-2.370793497682177,-6.953107887849939
2025_01_PIT_NYJ,2025,1,NYJ,PIT,-0.037865821462424606,-2.0,-3.0,0.762874566953927,-3.662522471994833
2025_01_NYG_WAS,2025,1,WAS,NYG,0.19298922606838476,15.0,6.0,9.009550884539921,6.495038845541024
2025_01_TEN_DEN,2025,1,DEN,TEN,0.27690070707215897,8.0,8.5,12.007063092173329,9.141591691810422
2025_01_SF_SEA,2025,1,SEA,SF,-0.06558100250004525,-4.0,-2.5,-0.22717581117372365,-2.7396475921478656
2025_01_DET_GB,2025,1,GB,DET,-0.05810661920246071,14.0,1.5,0.039826450150125314,2.6161960874449584
2025_01_HOU_LA,2025,1,LA,HOU,0.042094708062005576,5.0,3.5,3.6192496483034087,4.440927063697329
2025_01_BAL_BUF,2025,1,BUF,BAL,-0.13026102983117036,1.0,-1.5,-2.537696006930841,-0.8120878433134835
2025_01_MIN_CHI,2025,1,CHI,MIN,-0.12540217642633178,-3.0,-1.5,-2.3641265236863527,-0.8550626681626323
2025_02_WAS_GB,2025,2,GB,WAS,0.11402817767188411,9.0,3.5,6.1888795811053265,3.804701189050097
2025_02_CLE_BAL,2025,2,BAL,CLE,0.40281568728420863,24.0,12.5,16.505037455092292,13.449870548319872
2025_02_JAX_CIN,2025,2,CIN,JAX,0.10950729242996311,4.0,3.5,6.027383102436831,3.844686806076777
2025_02_NYG_DAL,2025,2,DAL,NYG,0.09008800005081374,3.0,4.5,5.333681057451061,5.371931502152425
2025_02_CHI_DET,2025,2,DET,CHI,0.213961213411427,31.0,6.0,9.758718785369545,6.309549099769255
2025_02_NE_MIA,2025,2,MIA,NE,0.08776101155759358,-6.0,1.5,5.25055564562409,1.3260489352729712
2025_02_SF_NO,2025,2,NO,SF,-0.20388302443710604,-5.0,-3.0,-5.167643958531018,-2.1941595424448814
2025_02_BUF_NYJ,2025,2,NYJ,BUF,-0.21470995424456918,-20.0,-6.0,-5.554406936383847,-6.164863160965062
2025_02_SEA_PIT,2025,2,PIT,SEA,-0.0013406783363370464,-14.0,3.5,2.067637170310677,4.825097559737617
2025_02_LA_TEN,2025,2,TEN,LA,-0.14640488627643602,-14.0,-5.5,-3.114391903536319,-6.0912531259649665
2025_02_CAR_ARI,2025,2,ARI,CAR,0.2209820053841379,5.0,7.0,10.009517715309883,7.602940682909576
2025_02_DEN_IND,2025,2,IND,DEN,-0.1417714917521799,1.0,-2.5,-2.9488763330434704,-2.0657698975623826
2025_02_PHI_KC,2025,2,KC,PHI,-0.09702881202404048,-3.0,-1.5,-1.3505643132461156,-1.1060149533983408
2025_02_ATL_MIN,2025,2,MIN,ATL,0.10796491965085905,-16.0,3.5,5.972285978911172,3.8583285430281506
2025_02_TB_HOU,2025,2,HOU,TB,-0.11450882779744731,-1.0,2.5,-1.9749909118906421,4.470541482875654
2025_02_LAC_LV,2025,2,LV,LAC,-0.16881819410216423,-11.0,-3.5,-3.9150471061067975,-3.1820394481567
2025_03_MIA_BUF,2025,3,BUF,MIA,0.27097644547482264,10.0,12.5,11.79543476376341,14.615941605199428
2025_03_ATL_CAR,2025,3,CAR,ATL,-0.20308618218461671,30.0,-5.5,-5.139178909996272,-5.589927286117414
2025_03_GB_CLE,2025,3,CLE,GB,-0.3426346551581522,3.0,-8.5,-10.124173171698779,-8.422134779941713
2025_03_HOU_JAX,2025,3,JAX,HOU,-0.02539651762558058,7.0,1.5,1.2083069443177457,2.326886909138725
2025_03_CIN_MIN,2025,3,MIN,CIN,0.021543602116577923,38.0,3.0,2.8851166045901637,3.944950272018584
2025_03_PIT_NE,2025,3,NE,PIT,-0.043392382219415396,-7.0,-1.5,0.5654530325328802,-1.580410038891563
2025_03_LA_PHI,2025,3,PHI,LA,0.10636857181009829,7.0,3.5,5.915260741326646,3.8724476701429333
2025_03_NYJ_TB,2025,3,TB,NYJ,0.19115023819434135,2.0,6.5,8.943857983685424,7.18904802883084
2025_03_IND_TEN,2025,3,TEN,IND,-0.15361489224768135,-21.0,-6.0,-3.371949995198955,-6.705227187146538
2025_03_LV_WAS,2025,3,WAS,LV,0.14928290480059075,17.0,2.5,7.448259986276934,2.1373977222993212
2025_03_DEN_LAC,2025,3,LAC,DEN,0.013686806492637232,3.0,2.5,2.6044536903629236,3.3366968345568284
2025_03_NO_SEA,2025,3,SEA,NO,0.08879566916738985,31.0,7.5,5.287516008842391,9.449825657636202
2025_03_DAL_CHI,2025,3,CHI,DAL,0.03301776314206169,17.0,-1.5,3.2950001787424545,-2.2562305133964067
2025_03_ARI_SF,2025,3,SF,ARI,0.08911412861708876,1.0,1.5,5.29889211705416,1.3140810976398596
2025_03_KC_NYG,2025,3,NYG,KC,-0.20685772497577856,-13.0,-6.0,-5.273907142925577,-6.234313327369671
2025_03_DET_BAL,2025,3,BAL,DET,0.055252756043859375,-8.0,4.5,4.089285559747504,5.6800368070553136
2025_04_SEA_ARI,2025,4,ARI,SEA,0.011235226126036106,-3.0,-1.5,2.516877568609683,-2.063571744950829
2025_04_MIN_PIT,2025,4,PIT,MIN,-0.18052276926983662,3.0,-2.5,-4.333161606417939,-1.723028673399563
2025_04_WAS_ATL,2025,4,ATL,WAS,-0.07699222815810927,7.0,2.5,-0.6348111884180843,4.13872054404456
2025_04_NO_BUF,2025,4,BUF,NO,0.28894452616822164,12.0,15.5,12.43729617035428,18.523484291916475
2025_04_CLE_DET,2025,4,DET,CLE,0.4089848295786953,24.0,10.0,16.725413488468696,10.006586727477362
2025_04_TEN_HOU,2025,4,HOU,TEN,0.1614734378704565,26.0,7.5,7.883734026984639,8.807016723056911
2025_04_CAR_NE,2025,4,NE,CAR,0.015441370892776474,29.0,5.5,2.66713078943903,7.387642288313068
2025_04_LAC_NYG,2025,4,NYG,LAC,-0.28850690336351026,3.0,-6.0,-8.19060466789782,-5.5121554749027775
2025_04_PHI_TB,2025,4,TB,PHI,-0.030927998168566118,-6.0,-3.5,1.010709663760392,-4.401629035436719
2025_04_IND_LA,2025,4,LA,IND,0.03549098652737682,7.0,3.5,3.3833494391893426,4.499334624629423
2025_04_JAX_SF,2025,4,SF,JAX,0.14924533658600167,-5.0,3.5,7.44691796274806,3.4932179830509806
2025_04_BAL_KC,2025,4,KC,BAL,-0.16605951008919048,17.0,-2.5,-3.8165005317051373,-1.8509510407253913
2025_04_CHI_LV,2025,4,LV,CHI,-0.10794795204589312,-1.0,1.5,-1.7406212532599579,3.057024894311544
2025_04_GB_DAL,2025,4,DAL,GB,-0.34176366772627986,0.0,-7.0,-10.093059485841952,-6.396606378084703
2025_04_NYJ_MIA,2025,4,MIA,NYJ,0.006345069324961053,6.0,2.5,2.342189855639813,3.4016318804578174
2025_04_CIN_DEN,2025,4,DEN,CIN,0.18974093027970296,25.0,7.5,8.89351424492752,8.557000837827221
2025_05_SF_LA,2025,5,LA,SF,0.012401068758391615,-3.0,8.5,2.558524164294342,11.480996625879431
2025_05_MIN_CLE,2025,5,CLE,MIN,-0.1882715797757039,-4.0,-3.5,-4.6099670424336665,-3.0099811923528117
2025_05_HOU_BAL,2025,5,BAL,HOU,0.19810446958851669,-34.0,-2.5,9.192279215790844,-5.071851516428959
2025_05_MIA_CAR,2025,5,CAR,MIA,-0.09317814298387816,3.0,-1.5,-1.2130095076656562,-1.140072747236744
2025_05_LV_IND,2025,5,IND,LV,0.11739622479502082,34.0,7.0,6.3091940153963,8.519119955419972
2025_05_NYG_NO,2025,5,NO,NYG,0.03902341558548117,12.0,1.5,3.509535976449846,1.757115583298278
2025_05_DAL_NYJ,2025,5,NYJ,DAL,0.035908893030254976,-15.0,1.5,3.3982780261841343,1.7846624241159659
2025_05_DEN_PHI,2025,5,PHI,DEN,0.039621077082952566,-4.0,3.5,3.5308858276653474,4.462805447177755
2025_05_TEN_ARI,2025,5,ARI,TEN,0.2341722699517837,-1.0,7.5,10.480704477722696,8.164021490411791
2025_05_TB_SEA,2025,5,SEA,TB,-0.07906737811837578,-3.0,3.5,-0.7089403452886325,5.512562488378834
2025_05_DET_CIN,2025,5,CIN,DET,-0.3635972506080599,-13.0,-10.5,-10.873005572380073,-10.94770406870795
2025_05_WAS_LAC,2025,5,LAC,WAS,0.06397240291985082,-17.0,2.5,4.400771516667525,2.8919386747937676
2025_05_NE_BUF,2025,5,BUF,NE,0.27665940538413447,-3.0,7.5,11.998443237691873,7.788237935853614
2025_05_KC_JAX,2025,5,JAX,KC,-0.14650875559062074,3.0,-3.5,-3.1181023557121446,-3.3793584723449364
2025_06_PHI_NYG,2025,6,NYG,PHI,-0.32314226751503783,17.0,-7.0,-9.42785999479835,-6.561306019306049
2025_06_DEN_NYJ,2025,6,NYJ,DEN,-0.23712469672188718,-2.0,-7.5,-6.355113388027786,-7.999844735714875
2025_06_LA_BAL,2025,6,BAL,LA,0.03848267901848962,-14.0,-7.0,3.4902196154312857,-9.759749652712491
2025_06_DAL_CAR,2025,6,CAR,DAL,-0.0829608024123317,3.0,-3.0,-0.848022467437143,-3.263673454247539
2025_06_ARI_IND,2025,6,IND,ARI,0.07245868310475201,4.0,8.5,4.703921075552021,10.949808454031652
2025_06_SEA_JAX,2025,6,JAX,SEA,-0.051921758115557076,-8.0,-1.5,0.2607639951527765,-1.5049707521569144
2025_06_LAC_MIA,2025,6,MIA,LAC,-0.12203853284722871,-2.0,-3.5,-2.243969394174651,-3.5957888621504233
2025_06_NE_NO,2025,6,NO,NE,-0.010605033468382472,-6.0,-3.5,1.7366929744513726,-4.581378407487355
2025_06_CLE_PIT,2025,6,PIT,CLE,0.06786846505555898,14.0,5.5,4.539947868625349,6.923943345111414
2025_06_TEN_LV,2025,6,LV,TEN,0.035855031149248096,10.0,3.5,3.396353955199891,4.4961147798309335
2025_06_CIN_GB,2025,6,GB,CIN,0.2867015766051198,9.0,14.0,12.357172823512133,16.510090405628617
2025_06_SF_TB,2025,6,TB,SF,0.04099100786195946,11.0,3.5,3.5798229240503012,4.450688898194274
2025_06_DET_KC,2025,6,KC,DET,-0.14503387281821006,13.0,2.5,-3.065416131345179,4.740524615516233
2025_06_BUF_ATL,2025,6,ATL,BUF,-0.15979430746487663,10.0,-3.5,-3.592693001138099,-3.261852505967793
2025_06_CHI_WAS,2025,6,WAS,CHI,0.08061838036690534,-1.0,5.5,4.995404336976014,6.811174893031556
2025_07_PIT_CIN,2025,7,CIN,PIT,-0.07399079931569166,2.0,-5.5,-0.527593207185157,-6.731729889608427
2025_07_LA_JAX,2025,7,JAX,LA,-0.11559367864579326,-28.0,-3.0,-2.0137442936982177,-2.9750473065517835
2025_07_NO_CHI,2025,7,CHI,NO,0.10424532163227457,12.0,4.5,5.839413333418304,5.2467150437405525
2025_07_MIA_CLE,2025,7,CLE,MIA,-0.06819879647620095,25.0,2.5,-0.32068946754981553,4.0609457780932665
2025_07_LV_KC,2025,7,KC,LV,0.24676747774609406,31.0,13.5,10.93063443569146,16.185549270906442
2025_07_PHI_MIN,2025,7,MIN,PHI,-0.0336541180929151,-6.0,-2.5,0.9133263539324892,-3.022029494019841
2025_07_CAR_NYJ,2025,7,NYJ,CAR,0.017473807033816194,-7.0,1.5,2.7397341098801014,1.9477141825796016
2025_07_NE_TEN,2025,7,TEN,NE,-0.1260333926085051,-18.0,-6.5,-2.3866750258589597,-7.626919702718425
2025_07_NYG_DEN,2025,7,DEN,NYG,0.25615481132056517,1.0,7.5,11.265971705991081,7.969593754822609
2025_07_IND_LAC,2025,7,LAC,IND,-0.025467456604975996,-14.0,2.5,1.2057728398758845,3.6830023223992474
2025_07_GB_ARI,2025,7,ARI,GB,-0.15248207433045632,-4.0,-7.0,-3.331483118732371,-8.070734540760476
2025_07_WAS_DAL,2025,7,DAL,WAS,-0.11205433414975399,22.0,1.5,-1.8873107209977116,3.0933443789663735
2025_07_ATL_SF,2025,7,SF,ATL,0.019983372142148993,10.0,1.5,2.8293815807397813,1.9255179745460893
2025_07_TB_DET,2025,7,DET,TB,0.08165596698858443,15.0,6.0,5.032469331274235,7.479741801196112
2025_07_HOU_SEA,2025,7,SEA,HOU,-0.0388200670001929,8.0,3.0,0.7287867089597211,4.478845389118003
2025_08_MIN_LAC,2025,8,LAC,MIN,-0.043518669118510475,27.0,3.0,0.5609417723671273,4.520402848511501
2025_08_MIA_ATL,2025,8,ATL,MIA,0.13404100114989972,-24.0,7.0,6.903783929913877,8.371902846998497
2025_08_CHI_BAL,2025,8,BAL,CHI,0.02973669981425236,14.0,2.5,3.17779300683371,3.194741254325272
2025_08_BUF_CAR,2025,8,CAR,BUF,-0.22167689683826572,-31.0,-7.0,-5.8032822419400345,-7.458731022650662
2025_08_NYJ_CIN,2025,8,CIN,NYJ,0.05189094004318226,-1.0,5.5,3.9691937155647787,7.065258853466948
2025_08_SF_HOU,2025,8,HOU,SF,0.009674952493348335,11.0,2.5,2.4611409851853034,3.372180251851968
2025_08_CLE_NE,2025,8,NE,CLE,0.0709371327603283,19.0,7.0,4.649567777560131,8.93003404903168
2025_08_NYG_PHI,2025,8,PHI,NYG,0.21357990090523082,18.0,7.0,9.7450974205864,7.668409656140865
2025_08_TB_NO,2025,8,NO,TB,-0.22633888842842848,-20.0,-4.5,-5.969819365778531,-4.0287774120744455
2025_08_DAL_DEN,2025,8,DEN,DAL,0.12931811286645206,20.0,3.5,6.7350714353234595,3.6694671673183334
2025_08_TEN_IND,2025,8,IND,TEN,0.2986816303992959,24.0,15.5,12.785128057606173,18.43736307894643
2025_08_GB_PIT,2025,8,PIT,GB,-0.18179289326628095,-10.0,-3.0,-4.378533373654162,-2.389538871447805
2025_08_WAS_KC,2025,8,KC,WAS,0.1553000897950756,21.0,10.5,7.663207753385771,12.928081734179418
2025_09_BAL_MIA,2025,9,MIA,BAL,-0.14930094458556742,-22.0,-7.5,-3.2178458055744565,-8.776614490055465
2025_09_CHI_CIN,2025,9,CIN,CHI,-0.12289876819520207,-5.0,-3.0,-2.2746989907226123,-2.910436395759421
2025_09_MIN_DET,2025,9,DET,MIN,0.2740625582161013,-3.0,9.5,11.90567784975661,10.522182089159159
2025_09_CAR_GB,2025,9,GB,CAR,0.32678234919594396,-3.0,12.5,13.788950736322061,14.122358296928507
2025_09_DEN_HOU,2025,9,HOU,DEN,-0.026682566446109557,-3.0,1.5,1.1623663055275095,2.338261552126441
2025_09_ATL_NE,2025,9,NE,ATL,0.07033073441369496,1.0,5.5,4.627905825882263,6.902165451114458
2025_09_SF_NYG,2025,9,NYG,SF,-0.11676401911258494,-10.0,-2.5,-2.0555515624334424,-2.2869520710225384
2025_09_IND_PIT,2025,9,PIT,IND,-0.16075612914135773,7.0,-3.5,-3.6270514963324443,-3.253345536393093
2025_09_LAC_TEN,2025,9,TEN,LAC,-0.28117735162599333,-7.0,-10.0,-7.928776124927645,-10.998934678209514
2025_09_NO_LA,2025,9,LA,NO,0.24595585049900393,24.0,14.0,10.901641232948545,16.87047181598728
2025_09_JAX_LV,2025,9,LV,JAX,-0.12324954982510161,-1.0,-2.5,-2.2872297219796396,-2.2295898657445137
2025_09_KC_BUF,2025,9,BUF,KC,-0.02694744958868811,7.0,-2.5,1.1529040669401607,-3.081347584169143
2025_09_SEA_WAS,2025,9,WAS,SEA,-0.06546233098810902,-24.0,-2.5,-0.22293659025339263,-2.740697199331932
2025_09_ARI_DAL,2025,9,DAL,ARI,-0.02678264310959976,-10.0,3.5,1.1587913356077484,5.050122661104202
2025_10_LV_DEN,2025,10,DEN,LV,0.2735386685434834,3.0,9.5,11.886963298775743,10.52681570640281
2025_10_ATL_IND,2025,10,IND,ATL,0.12408525467017645,6.0,6.5,6.548141635771415,7.782213881003281
2025_10_NO_CAR,2025,10,CAR,NO,0.024186718749575065,-10.0,5.5,2.979534844845648,7.310292806639771
2025_10_NYG_CHI,2025,10,CHI,NYG,0.12675302150053472,4.0,4.5,6.6434404380981045,5.0476424685868215
2025_10_JAX_HOU,2025,10,HOU,JAX,0.12903941832597737,7.0,-1.5,6.7251158216543825,-3.1055077953874313
2025_10_BUF_MIA,2025,10,MIA,BUF,-0.2714584093101249,17.0,-8.5,-7.581593023299511,-9.051663280573758
2025_10_BAL_MIN,2025,10,MIN,BAL,-0.1163044276757928,-8.0,-4.5,-2.0391338931725906,-5.001992959904328
2025_10_CLE_NYJ,2025,10,NYJ,CLE,0.017464850827899323,7.0,-1.5,2.7394141734870265,-2.11867055286545
2025_10_NE_TB,2025,10,TB,NE,0.11903633600537324,-5.0,2.5,6.367782581777182,2.4049178320782634
2025_10_ARI_SEA,2025,10,SEA,ARI,0.07526498492726692,22.0,7.0,4.804168668261223,8.891755740683873
2025_10_LA_SF,2025,10,SF,LA,-0.1197986624633979,-16.0,-5.5,-2.1639560427388993,-6.326575683160033
2025_10_DET_WAS,2025,10,WAS,DET,-0.27649967103929,-22.0,-8.5,-7.761678553840533,-9.00707511917464
2025_10_PIT_LAC,2025,10,LAC,PIT,0.10095083278269706,15.0,3.0,5.72172657081574,3.2426216472788134
2025_10_PHI_GB,2025,10,GB,PHI,0.003824107835169538,-3.0,1.5,2.2521352796720278,2.0684409021223775
2025_11_NYJ_NE,2025,11,NE,NYJ,0.16286443804021294,13.0,12.5,7.933423770745419,15.572153739314345
2025_11_WAS_MIA,2025,11,MIA,WAS,0.027182991307458118,3.0,2.5,3.0865686316673515,3.217327894968922
2025_11_CAR_ATL,2025,11,ATL,CAR,0.12059991646202409,-3.0,4.5,6.423637292602953,5.102064487379379
2025_11_TB_BUF,2025,11,BUF,TB,0.027302519376516787,12.0,6.0,3.090838450789506,7.96047865338225
2025_11_LAC_JAX,2025,11,JAX,LAC,-0.11519621843141857,29.0,-3.0,-1.9995460954256465,-2.978562700344123
2025_11_CHI_MIN,2025,11,MIN,CHI,-0.019020284310737996,-2.0,3.0,1.4360807479894961,4.303723375294085
2025_11_GB_NYG,2025,11,NYG,GB,-0.2159680782138922,-7.0,-7.5,-5.599350034892527,-8.186967478268897
2025_11_CIN_PIT,2025,11,PIT,CIN,0.07324064193114284,22.0,5.5,4.7318544536778075,6.876428357304421
2025_11_HOU_TEN,2025,11,TEN,HOU,-0.329661086245255,-3.0,-5.5,-9.6607272793395,-4.470417418442272
2025_11_SF_ARI,2025,11,ARI,SF,-0.03627407480409783,-19.0,-3.5,0.8197354396583378,-4.35434489494108
2025_11_SEA_LA,2025,11,LA,SEA,0.07626651432746165,2.0,3.0,4.839945615199538,3.4609456372715917
2025_11_BAL_CLE,2025,11,CLE,BAL,-0.22472604949700786,-7.0,-7.5,-5.912205028288024,-8.109506346893546
2025_11_KC_DEN,2025,11,DEN,KC,-0.05254093078229184,3.0,-3.5,0.23864571521100175,-4.210470357418901
2025_11_DET_PHI,2025,11,PHI,DET,-0.08404856639482688,7.0,2.5,-0.8868799131352665,4.2011313382243785
2025_11_DAL_LV,2025,11,LV,DAL,-0.06460135455999517,-17.0,-3.5,-0.19218052060852742,-4.103800211960884
2025_12_BUF_HOU,2025,12,HOU,BUF,-0.04391485679812267,4.0,-5.5,0.5467890319799318,-6.997740870836732
2025_12_NYJ_BAL,2025,12,BAL,NYJ,0.26544050690852017,13.0,14.0,11.597678232300762,16.698136981680292
2025_12_PIT_CHI,2025,12,CHI,PIT,0.05548716544404643,3.0,3.0,4.09765920576399,3.6447315645965164
2025_12_NE_CIN,2025,12,CIN,NE,-0.19096400932625537,-6.0,-7.5,-4.70614685417609,-8.408119546757357
2025_12_NYG_DET,2025,12,DET,NYG,0.29157113212864827,7.0,14.0,12.531124611192638,16.467020924357904
2025_12_MIN_GB,2025,12,GB,MIN,0.14087824086820722,17.0,6.5,7.148025948729168,7.63368590939667
2025_12_IND_KC,2025,12,KC,IND,0.06906915220162053,3.0,3.5,4.582839190942806,4.202347729085439
2025_12_SEA_TEN,2025,12,TEN,SEA,-0.2967714960662759,-6.0,-12.5,-8.485835037107293,-14.249729992476142
2025_12_JAX_ARI,2025,12,ARI,JAX,-0.01656655417618791,-3.0,-2.5,1.5237336644267718,-3.1731629004504027
2025_12_CLE_LV,2025,12,LV,CLE,-0.049967492381552236,-14.0,3.0,0.3305748878287822,4.577440389495214
2025_12_PHI_DAL,2025,12,DAL,PHI,-0.21090016060293987,3.0,-3.0,-5.418312294593001,-2.132095476595717
2025_12_ATL_NO,2025,12,NO,ATL,-0.03212179933653038,-14.0,1.5,0.968064324509391,2.3863696264607666
2025_12_TB_LA,2025,12,LA,TB,0.09082873536079138,27.0,7.0,5.360141836211279,8.754099920853928
2025_12_CAR_SF,2025,12,SF,CAR,0.19159305436503005,11.0,7.5,8.959676401636088,8.540619461083779
2025_13_GB_DET,2025,13,DET,GB,0.03518220269907518,-7.0,2.5,3.372318966555779,3.146577724127437
2025_13_KC_DAL,2025,13,DAL,KC,-0.18499333407449747,3.0,-3.5,-4.492860522664983,-3.0389761059843954
2025_13_CIN_BAL,2025,13,BAL,CIN,0.268237446865379,-18.0,7.0,11.697591397512621,7.184983162560595
2025_13_CHI_PHI,2025,13,PHI,CHI,0.1423093682093044,-9.0,7.0,7.199149127873435,8.298772090303402
2025_13_LA_CAR,2025,13,CAR,LA,-0.37150420397633765,3.0,-10.0,-11.155460237261206,-10.200025895519055
2025_13_SF_CLE,2025,13,CLE,SF,-0.13443018417220348,-18.0,-5.5,-2.686627844186728,-6.197165093804471
2025_13_HOU_IND,2025,13,IND,HOU,-0.0061502569318175465,-4.0,3.0,1.8958278972402056,4.189892574829498
2025_13_NO_MIA,2025,13,MIA,NO,0.07137535876985864,4.0,5.5,4.665222224336141,6.892926121379878
2025_13_ATL_NYJ,2025,13,NYJ,ATL,-0.07422032637107184,3.0,-3.0,-0.535792444551177,-3.340979846450537
2025_13_ARI_TB,2025,13,TB,ARI,0.06066947150667751,3.0,4.5,4.2827831661637665,5.632127891334482
2025_13_JAX_TEN,2025,13,TEN,JAX,-0.18904136490797807,-22.0,-6.0,-4.637465548045106,-6.391892675740346
2025_13_MIN_SEA,2025,13,SEA,MIN,0.14594918269762136,26.0,12.5,7.3291717211078495,15.721763137882041
2025_13_LV_LAC,2025,13,LAC,LV,0.20038943267658088,17.0,10.0,9.273903382931405,11.851538591487113
2025_13_BUF_PIT,2025,13,PIT,BUF,-0.1559970366456975,-19.0,-3.0,-3.4570457035332867,-2.617694019944235
2025_13_DEN_WAS,2025,13,WAS,DEN,-0.16861713350689128,-1.0,-6.5,-3.907864756545149,-7.250281707279565
2025_13_NYG_NE,2025,13,NE,NYG,0.0953863312137521,18.0,7.0,5.522949702826036,8.713789611570023
2025_14_DAL_DET,2025,14,DET,DAL,0.17123336752513418,14.0,3.5,8.232381291167997,3.298741694170584
2025_14_SEA_ATL,2025,14,ATL,SEA,-0.15584995473477192,-28.0,-7.0,-3.451791597441396,-8.040946840159299
2025_14_PIT_BAL,2025,14,BAL,PIT,0.09856583905245059,-5.0,5.5,5.636529077742994,6.652436024159617
2025_14_TEN_CLE,2025,14,CLE,TEN,0.08132131916683488,-2.0,4.5,5.020514936965462,5.449469666840044
2025_14_CHI_GB,2025,14,GB,CHI,0.13493999595237033,7.0,6.5,6.935898103835839,7.686207567060865
2025_14_IND_JAX,2025,14,JAX,IND,-0.06777318400356029,17.0,-2.5,-0.3054856054894617,-2.7202585288644814
2025_14_WAS_MIN,2025,14,MIN,WAS,-0.02000769814366607,31.0,-1.5,1.4008080417664364,-1.7872392264746353
2025_14_MIA_NYJ,2025,14,NYJ,MIA,-0.08922028539660753,-24.0,-2.5,-1.0716256792312064,-2.530566568829156
2025_14_NO_TB,2025,14,TB,NO,0.16262120120572593,-4.0,7.5,7.924734788355892,8.796865165849535
2025_14_DEN_LV,2025,14,LV,DEN,-0.29916041217944245,-7.0,-8.5,-8.571172646771302,-8.806648948572297
2025_14_LA_ARI,2025,14,ARI,LA,-0.18629381659075972,-28.0,-9.5,-4.5393167664552045,-11.160401701889572
2025_14_CIN_BUF,2025,14,BUF,CIN,0.26877211284124813,5.0,6.0,11.716690902973646,5.824766249462385
2025_14_HOU_KC,2025,14,KC,HOU,0.004798685220035251,-10.0,4.5,2.2869494382767006,6.126285062748969
2025_14_PHI_LAC,2025,14,LAC,PHI,-0.08817735118236315,3.0,-1.5,-1.0343696565563656,-1.1843029665644471
2025_15_ATL_TB,2025,15,TB,ATL,0.09582226249640406,-1.0,6.0,5.538522176649728,7.354445971607267
2025_15_CLE_CHI,2025,15,CHI,CLE,0.15398798422465118,28.0,7.5,7.616336307214132,8.87322288993253
2025_15_BAL_CIN,2025,15,CIN,BAL,-0.13893904826681175,-24.0,-2.5,-2.847694899665589,-2.090821849645891
2025_15_ARI_HOU,2025,15,HOU,ARI,0.16501151054487878,20.0,10.5,8.010122167274975,12.842187682437999
2025_15_NYJ_JAX,2025,15,JAX,NYJ,0.24044756553603808,28.0,13.5,10.704872552166105,16.241446639618715
2025_15_LAC_KC,2025,15,KC,LAC,0.055239439348238745,-3.0,5.5,4.0888098565754145,7.035642571774028
2025_15_BUF_NE,2025,15,NE,BUF,-0.09318655948131205,-4.0,-2.5,-1.2133101644232513,-2.4954862896167485
2025_15_WAS_NYG,2025,15,NYG,WAS,0.021932747686565987,-8.0,2.5,2.8990177845315976,3.2637644266408827
2025_15_LV_PHI,2025,15,PHI,LV,0.31538835883606253,31.0,12.5,13.381931043797916,14.223134076572563
2025_15_GB_DEN,2025,15,DEN,GB,-0.07440633038782624,8.0,-1.5,-0.5424369382988807,-1.3061027323383791
2025_15_DET_LA,2025,15,LA,DET,0.061042021158438126,7.0,5.5,4.296091501516015,6.984320805878014
2025_15_CAR_NO,2025,15,NO,CAR,0.03380003791706808,3.0,-2.5,3.3229448432836497,-3.6186374379823927
2025_15_IND_SEA,2025,15,SEA,IND,0.08568954691842312,2.0,13.5,5.176558136948071,17.61022610052412
2025_15_TEN_SF,2025,15,SF,TEN,0.23063498525098242,13.0,12.5,10.354344485672861,14.972747428061258
2025_15_MIN_DAL,2025,15,DAL,MIN,-0.04126047080635215,-8.0,5.5,0.641609839799369,7.889149848351335
2025_15_MIA_PIT,2025,15,PIT,MIA,-0.00895803331758981,13.0,3.0,1.7955276297204532,4.214726355217682
2025_16_LA_SEA,2025,16,SEA,LA,-0.062143573943013924,1.0,1.5,-0.10438291156913149,2.6519015118412677
2025_16_GB_CHI,2025,16,CHI,GB,-0.08480581225213703,6.0,1.5,-0.9139304868388205,2.8523409243690043
2025_16_PHI_WAS,2025,16,WAS,PHI,-0.2446674021530597,-11.0,-7.0,-6.6245562740079,-7.2553882055751755
2025_16_NE_BAL,2025,16,BAL,NE,0.019179623840092197,-4.0,3.5,2.800669832139235,4.643602808114635
2025_16_TB_CAR,2025,16,CAR,TB,-0.11419963632181887,3.0,-3.0,-1.963945877151584,-2.987377113548109
2025_16_BUF_CLE,2025,16,CLE,BUF,-0.27751637538772694,-3.0,-10.5,-7.797997585033138,-11.709058698541272
2025_16_LAC_DAL,2025,16,DAL,LAC,-0.1120151655143623,-17.0,1.5,-1.885911526735634,3.0929979463607173
2025_16_NYJ_NO,2025,16,NO,NYJ,0.11761495752598448,23.0,6.5,6.317007654524455,7.839441350804427
2025_16_MIN_NYG,2025,16,NYG,MIN,-0.07834758866045903,-3.0,-2.5,-0.6832278008165091,-2.6267316923557464
2025_16_KC_TEN,2025,16,TEN,KC,-0.27312709775198635,17.0,-3.5,-7.6412024344954785,-2.259464410166482
2025_16_ATL_ARI,2025,16,ARI,ATL,0.022625296686025732,-7.0,-2.5,2.923757236814313,-3.519800838660343
2025_16_JAX_DEN,2025,16,DEN,JAX,0.030093563180103325,-14.0,3.5,3.190540991767348,4.547072908471203
2025_16_PIT_DET,2025,16,DET,PIT,0.1558225223500749,-5.0,7.5,7.681870252754662,8.856997054730204
2025_16_LV_HOU,2025,16,HOU,LV,0.367294582388747,2.0,14.5,15.236141419900349,16.475018014677723
2025_16_CIN_MIA,2025,16,MIA,CIN,0.0944950272518959,-24.0,-3.5,5.4911102635214695,-5.510950947500821
2025_16_SF_IND,2025,16,IND,SF,0.04807559420201529,-21.0,-4.5,3.832900736362958,-6.455875606757459
2025_17_DAL_WAS,2025,17,WAS,DAL,-0.04101917594787939,-7.0,-8.5,0.6502294503134385,-11.089816084742099
2025_17_DET_MIN,2025,17,MIN,DET,-0.12392759157490231,13.0,-7.0,-2.311450941745994,-8.32328875321232
2025_17_DEN_KC,2025,17,KC,DEN,-0.03607186695301048,-7.0,-13.5,0.8269587718515379,-17.9110131842114
2025_17_SEA_CAR,2025,17,CAR,SEA,-0.24338912396022006,-17.0,-6.5,-6.578893220013941,-6.5889501284848375
2025_17_ARI_CIN,2025,17,CIN,ARI,-0.05342231186020801,23.0,7.0,0.20716074427464104,10.029948968379308
2025_17_PIT_CLE,2025,17,CLE,PIT,-0.15568835718556104,7.0,-4.5,-3.44601895917201,-4.653656154585596
2025_17_BAL_GB,2025,17,GB,BAL,0.08242408165599122,-17.0,2.5,5.059908164016449,2.728740159467343
2025_17_JAX_IND,2025,17,IND,JAX,-0.04854705513471657,-6.0,-3.5,0.3813161920774295,-4.245794762607357
2025_17_HOU_LAC,2025,17,LAC,HOU,-0.030906084018841914,-4.0,1.5,1.0114924878809108,2.3756170582124505
2025_17_NYG_LV,2025,17,LV,NYG,-0.08622860037878195,-24.0,-3.0,-0.9647557699523697,-3.2347709471023847
2025_17_TB_MIA,2025,17,MIA,TB,-0.072133455579492,3.0,-5.5,-0.46124459247318983,-6.748157432301599
2025_17_NE_NYJ,2025,17,NYJ,NE,-0.28563484028060354,-32.0,-12.5,-8.088007930846796,-14.348229739621823
2025_17_NO_TEN,2025,17,TEN,NO,-0.06594554581262181,-8.0,-1.5,-0.2401981415698491,-1.3809353533109952
2025_17_PHI_BUF,2025,17,BUF,PHI,-0.03941621510292338,-1.0,3.0,0.7074909197051882,4.48411810639601
2025_17_CHI_SF,2025,17,SF,CHI,-0.011317123682535873,4.0,3.5,1.711255464776563,4.913335659480048
2025_17_LA_ATL,2025,17,ATL,LA,-0.28629089814687175,3.0,-7.5,-8.11144383543969,-7.564987225374557
2025_18_NO_ATL,2025,18,ATL,NO,0.027044384581892393,2.0,4.5,3.0816172788015304,5.929529788599183
2025_18_NYJ_BUF,2025,18,BUF,NYJ,0.36863093982442285,27.0,12.5,15.283879198798804,13.752222443343856
2025_18_DET_CHI,2025,18,CHI,DET,-0.023697045196825958,-3.0,3.5,1.2690160307358398,5.02283164842942
2025_18_CLE_CIN,2025,18,CIN,CLE,0.06545096335370458,-2.0,9.5,4.453589115608499,12.367277218348582
2025_18_LAC_DEN,2025,18,DEN,LAC,0.021771949474891264,16.0,14.5,2.893273700448051,19.53104242901854
2025_18_IND_HOU,2025,18,HOU,IND,0.08593717044289294,8.0,9.5,5.185403822051186,12.186084025607977
2025_18_TEN_JAX,2025,18,JAX,TEN,0.24627880784179482,34.0,12.5,10.913178016306201,14.834383398567832
2025_18_ARI_LA,2025,18,LA,ARI,0.26779471005851985,17.0,14.5,11.681775814621538,17.355058886387503
2025_18_KC_LV,2025,18,LV,KC,-0.2434508332303786,2.0,-3.5,-6.581097617891461,-2.521940382115562
2025_18_GB_MIN,2025,18,MIN,GB,-0.07218779651532956,13.0,12.5,-0.4631857764041465,17.651106893234633
2025_18_MIA_NE,2025,18,NE,MIA,0.158329704325328,28.0,14.0,7.77143259258801,17.64549381608912
2025_18_DAL_NYG,2025,18,NYG,DAL,0.01673972820633579,17.0,-3.0,2.7135111160726297,-4.145489076928747
2025_18_WAS_PHI,2025,18,PHI,WAS,0.27070258794247537,-7.0,3.0,11.785651939213736,1.7412279360459397
2025_18_BAL_PIT,2025,18,PIT,BAL,-0.0727278776977035,2.0,-4.5,-0.48247872556811355,-5.387411997443861
2025_18_SEA_SF,2025,18,SF,SEA,-0.0835104926107298,-10.0,-2.5,-0.8676586728813143,-2.5810676489098343
2025_18_CAR_TB,2025,18,TB,CAR,0.10225815065549346,2.0,3.0,5.768426989353083,3.2310588871120545
2026_01_NE_SEA,2026,1,SEA,NE,0.017693494432881735,3.0,3.0,2.7475818519612183,3.9790031008593223
2026_01_SF_LA,2026,1,LA,SF,0.15478135051977404,-20.0,3.5,7.644677186511075,3.444253914917252
2026_01_CHI_CAR,2026,1,CAR,CHI,-0.18423535012024517,-22.0,-3.0,-4.4657835824312695,-2.367936211981646
2026_01_TB_CIN,2026,1,CIN,TB,-0.0297726523226642,6.0,3.5,1.0519812899514944,5.076568225833697
2026_01_NO_DET,2026,1,DET,NO,0.15357233361629005,1.0,7.0,7.601488305989881,8.1991551796213
2026_01_BUF_HOU,2026,1,HOU,BUF,-0.04122245353353532,-5.0,-1.5,0.6429679047269117,-1.5996022839422115
2026_01_BAL_IND,2026,1,IND,BAL,-0.07675187301646674,-18.0,-3.0,-0.6262251467629674,-3.3185892195641697
2026_01_CLE_JAX,2026,1,JAX,CLE,0.21302934477362337,24.0,8.5,9.725430282004893,9.706511103645875
2026_01_ATL_PIT,2026,1,PIT,ATL,0.052141990954246355,7.0,6.5,3.97816183484536,8.418526381024247
2026_01_NYJ_TEN,2026,1,TEN,NYJ,0.07265999303212017,-13.0,1.5,4.711112331832871,1.4596120564673085
2026_01_ARI_LAC,2026,1,LAC,ARI,0.1323819320661456,-12.0,8.5,6.844518144441249,10.419808696075714
2026_01_MIA_LV,2026,1,LV,MIA,-0.09695365039133874,14.0,3.0,-1.3478793658602033,4.993016193612748
2026_01_GB_MIN,2026,1,MIN,GB,-0.028535785026473623,17.0,1.5,1.096165050924406,2.354652609287998
2026_01_WAS_PHI,2026,1,PHI,WAS,0.22420263295189857,2.0,6.0,10.124565982068148,6.218967397814605
2026_01_DAL_NYG,2026,1,NYG,DAL,0.04999726401830919,8.0,-3.0,3.9015472274566205,-4.439640115733618
2026_01_DEN_KC,2026,1,KC,DEN,-0.09868648990499271,21.0,2.5,-1.4097804017364939,4.33059854922897
2026_02_DET_BUF,2026,2,BUF,DET,0.050448975600091955,10.0,5.5,3.9176834100686557,7.078012514509448
